ZIPCode,ChildEthnicityHispLatino,ChildRaceBlackAfriAmer,ChildRaceWhite,ChildRaceMult,ChildMale,ChildFemale,ChildAgeInfantToddler,ChildAgePrek,ChildAgeSchAge
78702,21.0,46.0,19.0,5.0,44.0,28.0,26.0,32.0,14.0
78702,20.0,43.0,18.0,5.0,39.0,29.0,21.0,34.0,13.0
78702,21.0,45.0,22.0,2.5,42.0,31.0,25.0,34.0,14.0
78702,23.0,49.0,22.0,2.5,46.0,31.0,28.0,34.0,15.0
78702,28.0,50.0,27.0,2.5,50.0,33.0,27.0,39.0,17.0
78702,29.0,52.0,28.0,8.0,57.0,34.0,31.0,39.0,21.0
78702,29.504065040650406,52.0,28.504065040650406,7.495934959349594,55.99186991869919,34.50406504065041,31.252032520325205,38.49593495934959,20.747967479674795
78702,30.008130081300813,52.0,29.008130081300813,6.991869918699187,54.983739837398375,35.00813008130081,31.504065040650406,37.99186991869919,20.495934959349594
78702,30.495934959349594,52.0,29.495934959349594,6.504065040650406,54.00813008130081,35.4959349593496,31.7479674796748,37.5040650406504,20.2520325203252
78702,31.0,52.0,30.0,6.0,53.0,36.0,32.0,37.0,20.0
78702,34.0,50.0,33.0,6.0,54.0,36.0,35.0,34.0,21.0
78702,33.0,48.0,33.0,6.0,52.0,36.0,29.0,37.0,22.0
78702,36.0,58.0,34.0,6.0,55.0,44.0,38.0,38.0,23.0
78702,37.0,57.0,35.0,6.0,56.0,44.0,37.0,40.0,23.0
78702,36.0,57.0,34.0,6.0,55.0,44.0,35.0,41.0,23.0
78702,36.0,57.0,34.0,5.0,55.0,43.0,34.0,41.0,23.0
78702,42.0,61.0,39.0,5.0,62.0,46.0,37.0,45.0,26.0
78702,37.0,61.0,32.0,6.0,60.0,44.0,35.0,46.0,23.0
78702,34.0,46.0,30.0,6.0,53.0,34.0,30.0,38.0,19.0
78702,35.0,47.0,31.0,6.0,54.0,35.0,33.0,35.0,21.0
78702,33.0,41.0,31.0,5.0,46.0,35.0,32.0,28.0,21.0
78702,34.764227642276424,43.77235772357724,33.26829268292683,6.008130081300813,49.27642276422764,37.26829268292683,33.00813008130081,31.024390243902438,22.51219512195122
78702,36.47154471544715,46.45528455284553,35.46341463414634,6.983739837398375,52.447154471544714,39.46341463414634,33.983739837398375,33.951219512195124,23.975609756097562
78702,38.235772357723576,49.22764227642276,37.73170731707317,7.991869918699187,55.72357723577236,41.73170731707317,34.99186991869919,36.97560975609756,25.48780487804878
78702,40.0,52.0,40.0,9.0,59.0,44.0,36.0,40.0,27.0
78702,42.0,53.0,42.0,9.0,62.0,45.0,37.0,43.0,27.0
78702,44.0,52.0,45.0,9.0,59.0,50.0,36.0,43.0,30.0
78702,48.0,58.0,47.0,10.0,64.0,54.0,39.0,45.0,34.0
78702,50.0,62.0,49.0,7.0,64.0,60.0,42.0,47.0,35.0
78702,44.0,66.0,42.0,7.0,65.0,57.0,43.0,48.0,31.0
78702,48.0,66.0,40.0,7.0,64.0,56.0,41.0,46.0,33.0
78702,52.0,69.0,43.0,7.0,69.0,57.0,36.0,53.0,37.0
78702,47.0,58.0,40.0,7.0,61.0,51.0,35.0,43.0,34.0
78702,43.0,51.0,37.0,5.0,57.0,44.0,27.0,44.0,30.0
78702,45.0,56.0,38.0,5.0,61.0,47.0,27.0,50.0,31.0
78702,48.0,60.0,36.0,5.0,60.0,49.0,25.0,50.0,34.0
78702,55.0,64.0,41.0,2.5,61.0,55.0,21.0,57.0,38.0
78702,54.0,62.0,40.0,2.5,61.0,55.0,22.0,57.0,37.0
78702,54.0,63.0,43.0,2.5,61.0,54.0,21.0,57.0,37.0
78703,2.5,2.5,2.5,2.5,2.5,2.5,2.5,2.5,2.5
78703,2.5,2.5,2.5,2.5,2.5,2.5,2.5,2.5,2.5
78703,2.5,2.5,2.5,2.5,2.5,2.5,2.5,2.5,2.5
78703,2.5,2.5,2.5,2.5,2.5,2.5,2.5,2.5,2.5
78703,2.5,2.5,2.5,2.5,2.5,2.5,2.5,2.5,2.5
78703,2.5,2.5,2.5,2.5,2.5,2.5,2.5,2.5,2.5
78703,2.5,2.5,2.5,2.5,2.5,2.5,2.5,2.5,2.5
78703,2.5,2.5,2.5,2.5,2.5,2.5,2.5,2.5,2.5
78703,2.5,2.5,2.5,2.5,2.5,2.5,2.5,2.5,2.5
78703,2.5,2.5,2.5,2.5,2.5,2.5,2.5,2.5,2.5
78703,2.5,2.5,2.5,2.5,2.5,2.5,2.5,2.5,2.5
78703,2.5,2.5,2.5,2.5,2.5,2.5,2.5,2.5,2.5
78703,2.5,2.5,2.5,2.5,2.5,2.5,2.5,2.5,2.5
78703,2.5,2.5,2.5,2.5,2.5,2.5,2.5,2.5,2.5
78703,2.5,2.5,2.5,2.5,2.5,2.5,2.5,2.5,2.5
78703,2.5,2.5,2.5,2.5,2.5,2.5,2.5,2.5,2.5
78703,2.5,2.5,2.5,2.5,2.5,2.5,2.5,2.5,2.5
78703,2.5,2.5,2.5,2.5,2.5,2.5,2.5,2.5,2.5
78703,2.5,2.5,2.5,2.5,2.5,2.5,2.5,2.5,2.5
78703,2.5,2.5,2.5,2.5,2.5,2.5,2.5,2.5,2.5
78703,2.5,2.5,2.5,2.5,2.5,2.5,2.5,2.5,2.5
78703,2.5,2.5,2.5,2.5,2.5,2.5,2.5,2.5,2.5
78703,2.5,2.5,2.5,2.5,2.5,2.5,2.5,2.5,2.5
78703,2.5,2.5,2.5,2.5,2.5,2.5,2.5,2.5,2.5
78703,2.5,2.5,2.5,2.5,2.5,2.5,2.5,2.5,2.5
78703,2.5,2.5,2.5,2.5,2.5,2.5,2.5,2.5,2.5
78703,2.5,2.5,2.5,2.5,2.5,2.5,2.5,2.5,2.5
78703,2.5,2.5,2.5,2.5,2.5,2.5,2.5,2.5,2.5
78703,2.5,2.5,2.5,2.5,2.5,2.5,2.5,2.5,2.5
78703,2.5,2.5,2.5,2.5,2.5,2.5,2.5,2.5,2.5
78703,2.5,2.5,2.5,2.5,2.5,2.5,2.5,2.5,2.5
78703,2.5,2.5,2.5,2.5,2.5,2.5,2.5,2.5,2.5
78703,2.5,2.5,2.5,2.5,2.5,2.5,2.5,2.5,2.5
78703,2.5,2.5,2.5,2.5,2.5,2.5,2.5,2.5,2.5
78703,2.5,2.5,2.5,2.5,2.5,2.5,2.5,2.5,2.5
78703,2.5,2.5,2.5,2.5,2.5,2.5,2.5,2.5,2.5
78703,2.5,2.5,2.5,2.5,2.5,2.5,2.5,2.5,2.5
78703,2.5,2.5,2.5,2.5,2.5,2.5,2.5,2.5,2.5
78703,2.5,2.5,2.5,2.5,2.5,2.5,2.5,2.5,2.5
78704,35.0,17.0,39.0,2.5,38.0,26.0,22.0,25.0,17.0
78704,34.0,16.0,38.0,2.5,34.0,28.0,21.0,26.0,15.0
78704,40.0,14.0,44.0,2.5,36.0,29.0,22.0,24.0,19.0
78704,46.0,15.0,50.0,2.5,38.0,35.0,25.0,28.0,20.0
78704,49.0,16.0,57.0,2.5,42.0,39.0,24.0,32.0,25.0
78704,57.0,16.0,65.0,2.5,47.0,43.0,25.0,37.0,28.0
78704,54.73170731707317,17.764227642276424,62.479674796747965,2.5,47.50406504065041,41.48780487804878,25.504065040650406,35.235772357723576,28.252032520325205
78704,52.46341463414634,19.528455284552845,59.959349593495936,2.5,48.00813008130081,39.97560975609756,26.008130081300813,33.47154471544715,28.504065040650406
78704,50.26829268292683,21.235772357723576,57.52032520325203,2.5,48.4959349593496,38.51219512195122,26.495934959349594,31.764227642276424,28.7479674796748
78704,48.0,23.0,55.0,2.5,49.0,37.0,27.0,30.0,29.0
78704,50.0,22.0,57.0,2.5,47.0,39.0,25.0,33.0,28.0
78704,50.0,20.0,57.0,2.5,48.0,37.0,26.0,32.0,27.0
78704,53.0,31.0,58.0,2.5,54.0,44.0,26.0,41.0,31.0
78704,53.0,31.0,58.0,2.5,55.0,44.0,27.0,41.0,31.0
78704,51.0,35.0,57.0,2.5,56.0,47.0,26.0,42.0,35.0
78704,48.0,34.0,55.0,2.5,55.0,45.0,26.0,40.0,34.0
78704,46.0,33.0,55.0,2.5,56.0,45.0,26.0,39.0,36.0
78704,39.0,25.0,50.0,2.5,47.0,41.0,27.0,35.0,26.0
78704,43.0,22.0,54.0,2.5,45.0,44.0,28.0,35.0,26.0
78704,50.0,21.0,62.0,2.5,54.0,43.0,31.0,37.0,29.0
78704,43.0,20.0,56.0,2.5,50.0,40.0,34.0,29.0,27.0
78704,42.7479674796748,19.495934959349594,54.48780487804878,2.5,47.983739837398375,40.2520325203252,31.983739837398375,29.504065040650406,26.747967479674795
78704,42.50406504065041,19.008130081300813,53.02439024390244,2.5,46.03252032520325,40.49593495934959,30.03252032520325,29.991869918699187,26.504065040650406
78704,42.2520325203252,18.504065040650406,51.51219512195122,2.5,44.016260162601625,40.7479674796748,28.016260162601625,30.495934959349594,26.2520325203252
78704,42.0,18.0,50.0,2.5,42.0,41.0,26.0,31.0,26.0
78704,44.0,19.0,49.0,2.5,43.0,43.0,29.0,32.0,25.0
78704,46.0,18.0,56.0,2.5,43.0,45.0,29.0,32.0,27.0
78704,43.0,16.0,49.0,2.5,36.0,42.0,26.0,30.0,22.0
78704,43.0,19.0,52.0,2.5,39.0,45.0,26.0,31.0,27.0
78704,39.0,21.0,46.0,2.5,39.0,41.0,22.0,33.0,25.0
78704,35.0,23.0,42.0,2.5,37.0,41.0,24.0,30.0,24.0
78704,39.0,25.0,45.0,2.5,39.0,46.0,24.0,33.0,28.0
78704,35.0,23.0,42.0,2.5,37.0,42.0,21.0,32.0,26.0
78704,39.0,24.0,41.0,2.5,40.0,40.0,23.0,32.0,25.0
78704,43.0,25.0,45.0,2.5,41.0,42.0,21.0,33.0,29.0
78704,44.0,24.0,46.0,2.5,40.0,43.0,17.0,36.0,30.0
78704,44.0,27.0,42.0,2.5,43.0,40.0,21.0,35.0,27.0
78704,42.0,27.0,40.0,2.5,39.0,40.0,18.0,36.0,25.0
78704,42.0,27.0,39.0,2.5,38.0,40.0,16.0,36.0,26.0
78717,2.5,5.0,2.5,2.5,7.0,5.0,2.5,8.0,2.5
78717,2.5,5.0,2.5,2.5,7.0,5.0,2.5,8.0,2.5
78717,2.5,6.0,2.5,2.5,7.0,8.0,2.5,9.0,2.5
78717,2.5,6.0,2.5,2.5,6.0,8.0,2.5,10.0,2.5
78717,2.5,6.0,2.5,2.5,5.0,8.0,2.5,9.0,2.5
78717,2.5,6.0,2.5,2.5,5.0,9.0,2.5,9.0,2.5
78717,2.5,6.0,2.5,2.5,5.0,7.361788617886178,2.5,7.991869918699187,2.5
78717,2.5,6.0,2.5,2.5,5.0,5.723577235772357,2.5,6.983739837398374,2.5
78717,2.5,6.0,2.5,2.5,5.0,4.138211382113821,2.5,6.008130081300813,2.5
78717,2.5,6.0,2.5,2.5,5.0,2.5,2.5,5.0,2.5
78717,2.5,6.0,2.5,2.5,2.5,5.0,2.5,6.0,2.5
78717,2.5,6.0,2.5,2.5,2.5,5.0,2.5,6.0,2.5
78717,2.5,9.0,2.5,2.5,5.0,6.0,2.5,8.0,2.5
78717,2.5,9.0,2.5,2.5,6.0,8.0,2.5,10.0,2.5
78717,2.5,9.0,2.5,2.5,6.0,8.0,2.5,10.0,2.5
78717,2.5,10.0,2.5,2.5,5.0,8.0,2.5,8.0,2.5
78717,2.5,10.0,2.5,2.5,5.0,8.0,2.5,6.0,5.0
78717,2.5,13.0,5.0,2.5,7.0,11.0,2.5,7.0,8.0
78717,2.5,14.0,5.0,2.5,8.0,13.0,2.5,9.0,9.0
78717,6.0,15.0,6.0,2.5,10.0,15.0,6.0,10.0,9.0
78717,6.0,15.0,5.0,2.5,9.0,15.0,6.0,10.0,8.0
78717,6.252032520325203,14.747967479674797,5.504065040650406,2.5,9.0,15.0,6.252032520325203,9.747967479674797,8.0
78717,6.495934959349594,14.504065040650406,5.991869918699187,2.5,9.0,15.0,6.495934959349594,9.504065040650406,8.0
78717,6.747967479674797,14.252032520325203,6.495934959349594,2.5,9.0,15.0,6.747967479674797,9.252032520325203,8.0
78717,7.0,14.0,7.0,2.5,9.0,15.0,7.0,9.0,8.0
78717,7.0,14.0,7.0,2.5,8.0,16.0,6.0,10.0,8.0
78717,7.0,16.0,7.0,2.5,10.0,16.0,7.0,11.0,8.0
78717,6.0,16.0,2.5,2.5,9.0,14.0,7.0,11.0,5.0
78717,6.0,16.0,2.5,2.5,10.0,17.0,7.0,14.0,6.0
78717,5.0,14.0,2.5,2.5,9.0,15.0,6.0,12.0,6.0
78717,7.0,16.0,7.0,2.5,11.0,18.0,9.0,11.0,9.0
78717,7.0,17.0,7.0,2.5,12.0,18.0,9.0,12.0,9.0
78717,5.0,16.0,6.0,2.5,11.0,16.0,7.0,12.0,8.0
78717,7.0,17.0,10.0,2.5,15.0,18.0,12.0,13.0,8.0
78717,7.0,17.0,9.0,2.5,15.0,17.0,12.0,12.0,8.0
78717,11.0,17.0,11.0,2.5,15.0,20.0,15.0,12.0,8.0
78717,15.0,19.0,15.0,2.5,18.0,22.0,15.0,13.0,12.0
78717,15.0,19.0,15.0,2.5,18.0,22.0,14.0,14.0,12.0
78717,15.0,21.0,16.0,2.5,20.0,23.0,16.0,15.0,12.0
78721,27.0,25.0,24.0,2.5,30.0,27.0,18.0,26.0,13.0
78721,28.0,25.0,25.0,2.5,30.0,26.0,18.0,26.0,12.0
78721,26.0,24.0,23.0,2.5,29.0,24.0,20.0,21.0,12.0
78721,29.0,27.0,25.0,2.5,31.0,27.0,22.0,23.0,13.0
78721,35.0,35.0,28.0,2.5,38.0,32.0,29.0,25.0,16.0
78721,36.0,39.0,30.0,2.5,42.0,33.0,31.0,26.0,19.0
78721,35.49593495934959,38.49593495934959,29.747967479674795,2.5,41.24390243902439,32.7479674796748,29.991869918699187,25.495934959349594,19.504065040650406
78721,34.99186991869919,37.99186991869919,29.495934959349594,2.5,40.48780487804878,32.49593495934959,28.983739837398375,24.991869918699187,20.008130081300813
78721,34.5040650406504,37.5040650406504,29.2520325203252,2.5,39.75609756097561,32.2520325203252,28.008130081300813,24.504065040650406,20.495934959349594
78721,34.0,37.0,29.0,2.5,39.0,32.0,27.0,24.0,21.0
78721,29.0,33.0,27.0,2.5,36.0,28.0,23.0,21.0,21.0
78721,31.0,28.0,27.0,5.0,36.0,27.0,20.0,24.0,20.0
78721,30.0,20.0,28.0,5.0,34.0,25.0,22.0,24.0,14.0
78721,33.0,20.0,31.0,5.0,35.0,27.0,24.0,25.0,14.0
78721,35.0,24.0,31.0,7.0,38.0,31.0,25.0,27.0,18.0
78721,36.0,24.0,34.0,5.0,41.0,29.0,27.0,28.0,16.0
78721,37.0,25.0,36.0,5.0,43.0,30.0,27.0,31.0,16.0
78721,37.0,28.0,35.0,8.0,43.0,35.0,31.0,32.0,16.0
78721,38.0,26.0,38.0,6.0,43.0,35.0,33.0,32.0,13.0
78721,42.0,24.0,42.0,5.0,44.0,35.0,34.0,29.0,16.0
78721,43.0,26.0,43.0,6.0,47.0,36.0,40.0,28.0,15.0
78721,43.50406504065041,28.520325203252032,41.99186991869919,6.252032520325203,47.50406504065041,37.764227642276424,39.24390243902439,29.764227642276424,16.260162601626018
78721,43.99186991869919,30.959349593495936,41.016260162601625,6.495934959349594,47.99186991869919,39.47154471544715,38.51219512195122,31.471544715447155,17.479674796747968
78721,44.4959349593496,33.47967479674797,40.00813008130081,6.747967479674797,48.4959349593496,41.235772357723576,37.75609756097561,33.235772357723576,18.739837398373986
78721,45.0,36.0,39.0,7.0,49.0,43.0,37.0,35.0,20.0
78721,46.0,41.0,38.0,11.0,51.0,48.0,40.0,38.0,21.0
78721,42.0,43.0,36.0,11.0,52.0,46.0,38.0,38.0,22.0
78721,42.0,43.0,35.0,11.0,49.0,48.0,37.0,39.0,21.0
78721,43.0,44.0,35.0,13.0,51.0,49.0,36.0,39.0,25.0
78721,41.0,42.0,32.0,13.0,49.0,48.0,36.0,36.0,25.0
78721,38.0,30.0,27.0,11.0,39.0,41.0,29.0,29.0,22.0
78721,40.0,27.0,31.0,12.0,39.0,42.0,28.0,29.0,24.0
78721,30.0,23.0,26.0,9.0,36.0,32.0,26.0,24.0,18.0
78721,32.0,23.0,28.0,9.0,37.0,35.0,29.0,27.0,16.0
78721,32.0,22.0,29.0,7.0,36.0,34.0,26.0,27.0,17.0
78721,31.0,22.0,29.0,7.0,38.0,33.0,25.0,29.0,17.0
78721,33.0,20.0,33.0,7.0,36.0,34.0,27.0,26.0,17.0
78721,32.0,20.0,36.0,5.0,38.0,32.0,29.0,25.0,16.0
78721,32.0,26.0,34.0,2.5,41.0,33.0,31.0,27.0,16.0
78722,2.5,2.5,2.5,2.5,2.5,2.5,2.5,2.5,2.5
78722,2.5,2.5,2.5,2.5,2.5,2.5,2.5,2.5,2.5
78722,5.0,2.5,5.0,2.5,5.0,2.5,2.5,2.5,2.5
78722,5.0,2.5,6.0,2.5,5.0,2.5,2.5,2.5,2.5
78722,7.0,2.5,8.0,2.5,6.0,2.5,2.5,2.5,5.0
78722,8.0,2.5,9.0,2.5,7.0,2.5,2.5,2.5,5.0
78722,7.495934959349594,2.5,8.495934959349594,2.5,6.747967479674797,2.5,2.5,2.5,4.369918699186992
78722,6.991869918699187,2.5,7.991869918699187,2.5,6.495934959349594,2.5,2.5,2.5,3.7398373983739837
78722,6.504065040650406,2.5,7.504065040650406,2.5,6.252032520325203,2.5,2.5,2.5,3.130081300813008
78722,6.0,2.5,7.0,2.5,6.0,2.5,2.5,2.5,2.5
78722,6.0,2.5,7.0,2.5,6.0,2.5,2.5,2.5,2.5
78722,5.0,2.5,6.0,2.5,6.0,2.5,2.5,2.5,2.5
78722,6.0,6.0,7.0,2.5,10.0,2.5,5.0,6.0,2.5
78722,6.0,6.0,7.0,2.5,10.0,2.5,5.0,6.0,2.5
78722,6.0,7.0,7.0,2.5,10.0,2.5,5.0,7.0,2.5
78722,6.0,5.0,7.0,2.5,8.0,2.5,2.5,6.0,2.5
78722,6.0,2.5,7.0,2.5,7.0,2.5,2.5,5.0,2.5
78722,6.0,2.5,7.0,2.5,7.0,2.5,2.5,2.5,2.5
78722,6.0,5.0,6.0,2.5,7.0,2.5,2.5,2.5,2.5
78722,6.0,5.0,6.0,2.5,7.0,2.5,2.5,5.0,2.5
78722,5.0,6.0,5.0,2.5,7.0,2.5,2.5,5.0,2.5
78722,4.369918699186992,5.747967479674797,4.369918699186992,2.5,6.747967479674797,2.5,2.5,4.369918699186992,2.5
78722,3.760162601626016,5.504065040650406,3.760162601626016,2.5,6.504065040650406,2.5,2.5,3.760162601626016,2.5
78722,3.130081300813008,5.252032520325203,3.130081300813008,2.5,6.252032520325203,2.5,2.5,3.130081300813008,2.5
78722,2.5,5.0,2.5,2.5,6.0,2.5,2.5,2.5,2.5
78722,2.5,5.0,2.5,2.5,6.0,2.5,2.5,2.5,2.5
78722,2.5,5.0,2.5,2.5,6.0,2.5,2.5,2.5,2.5
78722,7.0,5.0,6.0,2.5,7.0,5.0,6.0,2.5,2.5
78722,8.0,7.0,6.0,2.5,9.0,5.0,7.0,5.0,2.5
78722,8.0,6.0,8.0,2.5,9.0,6.0,7.0,5.0,2.5
78722,5.0,2.5,5.0,2.5,5.0,2.5,2.5,2.5,2.5
78722,2.5,2.5,2.5,2.5,2.5,2.5,2.5,2.5,2.5
78722,2.5,2.5,2.5,2.5,2.5,2.5,2.5,2.5,2.5
78722,2.5,2.5,2.5,2.5,2.5,2.5,2.5,2.5,2.5
78722,2.5,2.5,2.5,2.5,2.5,2.5,2.5,2.5,2.5
78722,2.5,2.5,2.5,2.5,2.5,2.5,2.5,2.5,2.5
78722,2.5,2.5,2.5,2.5,2.5,2.5,2.5,2.5,2.5
78722,2.5,2.5,2.5,2.5,2.5,2.5,2.5,2.5,2.5
78722,2.5,2.5,2.5,2.5,2.5,2.5,2.5,2.5,2.5
78723,42.0,67.0,42.0,2.5,62.0,51.0,45.0,49.0,19.0
78723,46.0,61.0,46.0,2.5,62.0,47.0,40.0,46.0,23.0
78723,42.0,67.0,42.0,2.5,62.0,49.0,39.0,49.0,23.0
78723,41.0,63.0,41.0,2.5,61.0,46.0,38.0,49.0,20.0
78723,41.0,65.0,40.0,2.5,62.0,47.0,40.0,49.0,20.0
78723,44.0,74.0,44.0,2.5,66.0,55.0,39.0,59.0,23.0
78723,46.520325203252035,71.73170731707317,45.00813008130081,2.5,64.99186991869918,56.51219512195122,38.24390243902439,59.75609756097561,23.504065040650406
78723,49.040650406504064,69.46341463414635,46.016260162601625,2.5,63.983739837398375,58.02439024390244,37.48780487804878,60.51219512195122,24.008130081300813
78723,51.47967479674797,67.26829268292683,46.99186991869919,2.5,63.00813008130081,59.48780487804878,36.75609756097561,61.24390243902439,24.495934959349594
78723,54.0,65.0,48.0,2.5,62.0,61.0,36.0,62.0,25.0
78723,58.0,63.0,53.0,2.5,62.0,62.0,37.0,61.0,26.0
78723,55.0,62.0,50.0,2.5,59.0,61.0,35.0,58.0,27.0
78723,47.0,64.0,46.0,2.5,55.0,61.0,38.0,53.0,25.0
78723,47.0,62.0,46.0,2.5,52.0,62.0,36.0,50.0,28.0
78723,48.0,63.0,48.0,2.5,53.0,65.0,37.0,53.0,28.0
78723,51.0,65.0,47.0,2.5,57.0,62.0,39.0,51.0,29.0
78723,52.0,72.0,48.0,2.5,63.0,67.0,45.0,53.0,32.0
78723,46.0,74.0,42.0,6.0,61.0,67.0,44.0,52.0,32.0
78723,47.0,71.0,42.0,6.0,62.0,65.0,42.0,51.0,34.0
78723,50.0,71.0,45.0,7.0,63.0,68.0,43.0,52.0,36.0
78723,53.0,66.0,48.0,8.0,64.0,65.0,45.0,50.0,34.0
78723,58.292682926829265,68.52032520325203,50.26829268292683,8.0,68.03252032520325,69.03252032520325,48.27642276422764,51.260162601626014,37.52845528455285
78723,63.41463414634146,70.95934959349593,52.46341463414634,8.0,71.9349593495935,72.9349593495935,51.447154471544714,52.479674796747965,40.94308943089431
78723,68.70731707317073,73.47967479674797,54.73170731707317,8.0,75.96747967479675,76.96747967479675,54.72357723577236,53.739837398373986,44.47154471544715
78723,74.0,76.0,57.0,8.0,80.0,81.0,58.0,55.0,48.0
78723,74.0,79.0,60.0,8.0,85.0,84.0,63.0,57.0,49.0
78723,81.0,84.0,69.0,7.0,91.0,93.0,64.0,66.0,54.0
78723,70.0,77.0,59.0,7.0,79.0,86.0,51.0,67.0,47.0
78723,72.0,79.0,62.0,6.0,80.0,93.0,57.0,66.0,50.0
78723,80.0,85.0,73.0,6.0,86.0,101.0,65.0,70.0,52.0
78723,80.0,81.0,75.0,2.5,84.0,98.0,60.0,72.0,50.0
78723,76.0,83.0,71.0,2.5,87.0,92.0,57.0,73.0,49.0
78723,68.0,76.0,61.0,2.5,79.0,83.0,54.0,65.0,43.0
78723,61.0,77.0,54.0,2.5,79.0,75.0,51.0,60.0,43.0
78723,59.0,81.0,52.0,2.5,80.0,73.0,50.0,58.0,45.0
78723,59.0,84.0,56.0,2.5,79.0,72.0,51.0,58.0,42.0
78723,51.0,79.0,49.0,2.5,74.0,63.0,42.0,54.0,41.0
78723,47.0,72.0,48.0,2.5,68.0,59.0,41.0,50.0,36.0
78723,51.0,69.0,48.0,2.5,66.0,58.0,40.0,49.0,35.0
78724,69.0,76.0,55.0,2.5,65.0,75.0,33.0,60.0,49.0
78724,70.0,71.0,56.0,2.5,63.0,73.0,33.0,60.0,45.0
78724,71.0,87.0,55.0,5.0,72.0,80.0,39.0,67.0,48.0
78724,72.0,89.0,60.0,6.0,75.0,82.0,43.0,65.0,51.0
78724,78.0,92.0,64.0,6.0,81.0,85.0,48.0,67.0,53.0
78724,80.0,96.0,68.0,6.0,88.0,87.0,52.0,67.0,56.0
78724,81.26016260162602,91.21138211382114,68.7560975609756,5.117886178861789,84.97560975609755,84.98373983739837,50.99186991869919,65.48780487804878,53.479674796747965
78724,82.52032520325203,86.42276422764228,69.51219512195122,4.235772357723577,81.95121951219512,82.96747967479675,49.983739837398375,63.97560975609756,50.959349593495936
78724,83.73983739837398,81.78861788617886,70.2439024390244,3.382113821138211,79.02439024390245,81.01626016260163,49.00813008130081,62.51219512195122,48.52032520325203
78724,85.0,77.0,71.0,2.5,76.0,79.0,48.0,61.0,46.0
78724,86.0,78.0,74.0,2.5,78.0,81.0,49.0,58.0,52.0
78724,87.0,78.0,75.0,2.5,78.0,83.0,49.0,58.0,54.0
78724,90.0,80.0,76.0,6.0,84.0,85.0,51.0,64.0,54.0
78724,92.0,84.0,76.0,6.0,87.0,85.0,50.0,70.0,52.0
78724,94.0,86.0,80.0,7.0,89.0,92.0,53.0,71.0,57.0
78724,91.0,87.0,77.0,7.0,89.0,90.0,54.0,71.0,54.0
78724,95.0,93.0,83.0,6.0,96.0,95.0,58.0,74.0,59.0
78724,97.0,96.0,82.0,7.0,100.0,94.0,56.0,74.0,64.0
78724,91.0,106.0,77.0,6.0,104.0,92.0,63.0,75.0,59.0
78724,94.0,105.0,79.0,6.0,102.0,96.0,66.0,72.0,61.0
78724,80.0,89.0,65.0,7.0,86.0,83.0,67.0,61.0,42.0
78724,84.03252032520325,92.78048780487805,67.77235772357723,7.0,88.77235772357723,88.29268292682927,69.01626016260163,65.03252032520325,43.764227642276424
78724,87.9349593495935,96.4390243902439,70.45528455284553,7.0,91.45528455284553,93.41463414634146,70.96747967479675,68.9349593495935,45.47154471544715
78724,91.96747967479675,100.21951219512195,73.22764227642277,7.0,94.22764227642277,98.70731707317073,72.98373983739837,72.96747967479675,47.235772357723576
78724,96.0,104.0,76.0,7.0,97.0,104.0,75.0,77.0,49.0
78724,93.0,99.0,71.0,7.0,95.0,99.0,69.0,83.0,42.0
78724,96.0,96.0,73.0,7.0,96.0,98.0,68.0,85.0,41.0
78724,95.0,98.0,68.0,6.0,93.0,101.0,75.0,82.0,37.0
78724,97.0,105.0,62.0,5.0,99.0,100.0,76.0,81.0,42.0
78724,108.0,108.0,70.0,12.0,110.0,107.0,78.0,86.0,53.0
78724,105.0,112.0,72.0,11.0,110.0,111.0,78.0,89.0,54.0
78724,107.0,114.0,66.0,11.0,110.0,112.0,79.0,86.0,57.0
78724,83.0,107.0,51.0,10.0,98.0,99.0,82.0,75.0,40.0
78724,88.0,111.0,60.0,5.0,97.0,107.0,80.0,84.0,40.0
78724,89.0,114.0,61.0,5.0,99.0,107.0,77.0,85.0,44.0
78724,87.0,114.0,60.0,2.5,99.0,103.0,74.0,85.0,43.0
78724,89.0,113.0,57.0,2.5,99.0,101.0,69.0,87.0,44.0
78724,88.0,106.0,56.0,2.5,93.0,98.0,69.0,79.0,43.0
78724,91.0,110.0,58.0,2.5,98.0,101.0,69.0,79.0,51.0
78725,20.0,19.0,21.0,2.5,16.0,24.0,14.0,13.0,13.0
78725,22.0,23.0,22.0,2.5,19.0,26.0,16.0,16.0,13.0
78725,23.0,24.0,23.0,2.5,20.0,27.0,15.0,18.0,14.0
78725,23.0,27.0,22.0,2.5,22.0,27.0,16.0,17.0,16.0
78725,24.0,27.0,22.0,2.5,23.0,27.0,17.0,17.0,16.0
78725,30.0,29.0,26.0,2.5,25.0,31.0,19.0,17.0,20.0
78725,30.252032520325205,27.48780487804878,27.008130081300813,2.5,23.739837398373982,32.00813008130081,19.252032520325205,17.504065040650406,18.991869918699187
78725,30.504065040650406,25.975609756097562,28.016260162601625,2.5,22.479674796747968,33.016260162601625,19.504065040650406,18.008130081300813,17.983739837398375
78725,30.7479674796748,24.51219512195122,28.991869918699187,2.5,21.260162601626014,33.99186991869919,19.7479674796748,18.495934959349594,17.008130081300813
78725,31.0,23.0,30.0,2.5,20.0,35.0,20.0,19.0,16.0
78725,32.0,21.0,30.0,2.5,19.0,34.0,18.0,19.0,16.0
78725,31.0,22.0,29.0,2.5,19.0,34.0,19.0,19.0,15.0
78725,26.0,18.0,27.0,2.5,17.0,30.0,17.0,16.0,14.0
78725,27.0,17.0,28.0,2.5,16.0,31.0,15.0,17.0,15.0
78725,27.0,18.0,28.0,2.5,17.0,32.0,16.0,17.0,16.0
78725,28.0,20.0,29.0,2.5,16.0,35.0,17.0,20.0,14.0
78725,29.0,23.0,30.0,2.5,18.0,39.0,19.0,22.0,16.0
78725,26.0,22.0,27.0,2.5,18.0,35.0,18.0,20.0,15.0
78725,26.0,25.0,25.0,2.5,19.0,33.0,18.0,20.0,14.0
78725,32.0,20.0,31.0,2.5,25.0,31.0,21.0,20.0,15.0
78725,32.0,20.0,32.0,2.5,26.0,31.0,22.0,19.0,16.0
78725,33.260162601626014,18.991869918699187,32.75609756097561,2.5,27.51219512195122,30.495934959349594,22.0,20.008130081300813,16.0
78725,34.479674796747965,18.016260162601625,33.48780487804878,2.5,28.975609756097562,30.008130081300813,22.0,20.983739837398375,16.0
78725,35.739837398373986,17.008130081300813,34.24390243902439,2.5,30.48780487804878,29.504065040650406,22.0,21.991869918699187,16.0
78725,37.0,16.0,35.0,2.5,32.0,29.0,22.0,23.0,16.0
78725,37.0,16.0,37.0,2.5,28.0,32.0,22.0,19.0,19.0
78725,39.0,20.0,38.0,2.5,31.0,33.0,25.0,21.0,18.0
78725,40.0,21.0,36.0,2.5,34.0,29.0,26.0,21.0,16.0
78725,46.0,22.0,43.0,2.5,38.0,32.0,26.0,25.0,19.0
78725,41.0,24.0,39.0,2.5,35.0,29.0,25.0,23.0,16.0
78725,41.0,24.0,39.0,2.5,34.0,31.0,26.0,22.0,17.0
78725,42.0,25.0,39.0,2.5,35.0,31.0,26.0,23.0,17.0
78725,35.0,19.0,33.0,2.5,28.0,26.0,25.0,17.0,12.0
78725,36.0,14.0,37.0,2.5,28.0,25.0,26.0,17.0,10.0
78725,40.0,14.0,41.0,2.5,32.0,27.0,28.0,20.0,11.0
78725,40.0,14.0,38.0,2.5,32.0,27.0,27.0,21.0,11.0
78725,41.0,9.0,37.0,2.5,28.0,24.0,22.0,19.0,11.0
78725,38.0,9.0,33.0,2.5,25.0,24.0,22.0,17.0,10.0
78725,36.0,9.0,31.0,2.5,25.0,22.0,22.0,15.0,10.0
78726,14.0,22.0,19.0,2.5,26.0,22.0,13.0,26.0,9.0
78726,14.0,20.0,19.0,2.5,26.0,20.0,12.0,26.0,8.0
78726,20.0,20.0,27.0,2.5,28.0,28.0,12.0,34.0,10.0
78726,21.0,21.0,27.0,2.5,30.0,29.0,14.0,34.0,11.0
78726,23.0,21.0,29.0,2.5,32.0,29.0,17.0,32.0,12.0
78726,24.0,24.0,30.0,2.5,35.0,31.0,17.0,34.0,15.0
78726,21.983739837398375,24.0,28.739837398373982,2.5,34.49593495934959,30.747967479674795,16.747967479674795,33.49593495934959,15.0
78726,19.96747967479675,24.0,27.479674796747968,2.5,33.99186991869919,30.495934959349594,16.495934959349594,32.99186991869919,15.0
78726,18.016260162601625,24.0,26.260162601626014,2.5,33.5040650406504,30.2520325203252,16.2520325203252,32.5040650406504,15.0
78726,16.0,24.0,25.0,2.5,33.0,30.0,16.0,32.0,15.0
78726,17.0,29.0,26.0,2.5,37.0,30.0,20.0,33.0,15.0
78726,17.0,29.0,26.0,2.5,37.0,30.0,18.0,33.0,17.0
78726,23.0,32.0,25.0,2.5,37.0,30.0,16.0,36.0,16.0
78726,23.0,29.0,25.0,2.5,36.0,28.0,15.0,33.0,17.0
78726,23.0,30.0,27.0,2.5,38.0,29.0,18.0,32.0,18.0
78726,26.0,29.0,27.0,2.5,37.0,32.0,20.0,34.0,16.0
78726,26.0,29.0,30.0,5.0,37.0,38.0,20.0,38.0,18.0
78726,23.0,29.0,28.0,5.0,36.0,37.0,21.0,36.0,17.0
78726,23.0,23.0,29.0,5.0,31.0,36.0,18.0,33.0,16.0
78726,26.0,25.0,33.0,5.0,36.0,37.0,18.0,36.0,19.0
78726,22.0,20.0,31.0,5.0,33.0,33.0,18.0,32.0,16.0
78726,20.991869918699187,20.75609756097561,28.983739837398375,4.369918699186992,34.00813008130081,30.479674796747968,18.252032520325205,29.73170731707317,16.504065040650406
78726,20.016260162601625,21.48780487804878,27.03252032520325,3.760162601626016,34.983739837398375,28.040650406504064,18.495934959349594,27.536585365853657,16.991869918699187
78726,19.008130081300813,22.24390243902439,25.016260162601625,3.130081300813008,35.99186991869919,25.520325203252032,18.7479674796748,25.268292682926827,17.495934959349594
78726,18.0,23.0,23.0,2.5,37.0,23.0,19.0,23.0,18.0
78726,20.0,25.0,23.0,2.5,37.0,25.0,20.0,24.0,18.0
78726,19.0,31.0,22.0,2.5,41.0,28.0,21.0,27.0,21.0
78726,22.0,30.0,21.0,9.0,41.0,29.0,25.0,25.0,20.0
78726,22.0,31.0,20.0,9.0,40.0,30.0,22.0,27.0,21.0
78726,27.0,33.0,22.0,11.0,40.0,32.0,23.0,25.0,24.0
78726,32.0,34.0,24.0,9.0,37.0,36.0,22.0,27.0,24.0
78726,31.0,34.0,21.0,9.0,35.0,35.0,18.0,28.0,24.0
78726,29.0,29.0,21.0,7.0,32.0,31.0,18.0,26.0,19.0
78726,31.0,28.0,23.0,10.0,31.0,36.0,19.0,28.0,20.0
78726,32.0,28.0,24.0,10.0,31.0,38.0,19.0,29.0,21.0
78726,31.0,30.0,22.0,9.0,32.0,36.0,20.0,28.0,20.0
78726,36.0,28.0,30.0,8.0,38.0,36.0,21.0,32.0,21.0
78726,32.0,29.0,27.0,8.0,36.0,36.0,18.0,35.0,19.0
78726,32.0,30.0,28.0,9.0,36.0,37.0,17.0,34.0,22.0
78727,32.0,18.0,30.0,5.0,21.0,32.0,12.0,26.0,15.0
78727,33.0,19.0,31.0,6.0,23.0,33.0,14.0,27.0,15.0
78727,32.0,19.0,30.0,6.0,22.0,33.0,14.0,25.0,16.0
78727,33.0,19.0,31.0,6.0,23.0,33.0,14.0,26.0,16.0
78727,33.0,19.0,31.0,6.0,23.0,33.0,12.0,28.0,16.0
78727,32.0,22.0,31.0,6.0,24.0,35.0,13.0,30.0,16.0
78727,31.747967479674795,23.008130081300813,31.0,6.504065040650406,25.51219512195122,35.0,13.0,30.504065040650406,17.008130081300813
78727,31.495934959349594,24.016260162601625,31.0,7.008130081300813,27.024390243902438,35.0,13.0,31.008130081300813,18.016260162601625
78727,31.2520325203252,24.991869918699187,31.0,7.495934959349594,28.48780487804878,35.0,13.0,31.495934959349594,18.991869918699187
78727,31.0,26.0,31.0,8.0,30.0,35.0,13.0,32.0,20.0
78727,31.0,26.0,31.0,8.0,31.0,36.0,14.0,33.0,20.0
78727,32.0,25.0,31.0,8.0,30.0,36.0,13.0,32.0,21.0
78727,27.0,24.0,27.0,6.0,26.0,31.0,10.0,27.0,20.0
78727,28.0,25.0,28.0,5.0,25.0,33.0,10.0,27.0,21.0
78727,31.0,26.0,29.0,7.0,27.0,35.0,10.0,28.0,24.0
78727,32.0,26.0,30.0,9.0,27.0,38.0,11.0,28.0,26.0
78727,32.0,29.0,30.0,10.0,30.0,39.0,11.0,29.0,29.0
78727,31.0,24.0,30.0,11.0,27.0,38.0,10.0,29.0,26.0
78727,34.0,29.0,30.0,11.0,33.0,37.0,14.0,31.0,25.0
78727,40.0,32.0,34.0,11.0,37.0,40.0,18.0,30.0,29.0
78727,34.0,30.0,30.0,6.0,33.0,33.0,18.0,28.0,20.0
78727,33.7479674796748,29.495934959349594,30.252032520325205,5.117886178861789,31.48780487804878,34.764227642276424,18.75609756097561,27.24390243902439,20.252032520325205
78727,33.50406504065041,29.008130081300813,30.495934959349594,4.264227642276422,30.024390243902438,36.47154471544715,19.48780487804878,26.51219512195122,20.495934959349594
78727,33.2520325203252,28.504065040650406,30.7479674796748,3.382113821138211,28.51219512195122,38.235772357723576,20.24390243902439,25.75609756097561,20.7479674796748
78727,33.0,28.0,31.0,2.5,27.0,40.0,21.0,25.0,21.0
78727,33.0,30.0,31.0,2.5,30.0,39.0,24.0,26.0,19.0
78727,33.0,33.0,31.0,2.5,30.0,42.0,24.0,28.0,20.0
78727,31.0,29.0,30.0,2.5,29.0,37.0,21.0,28.0,17.0
78727,33.0,32.0,31.0,2.5,30.0,41.0,22.0,30.0,19.0
78727,35.0,28.0,30.0,8.0,28.0,42.0,23.0,32.0,15.0
78727,32.0,25.0,35.0,5.0,24.0,43.0,24.0,25.0,18.0
78727,36.0,28.0,36.0,5.0,28.0,44.0,23.0,27.0,22.0
78727,33.0,25.0,33.0,5.0,25.0,41.0,22.0,24.0,20.0
78727,32.0,25.0,32.0,5.0,26.0,39.0,19.0,26.0,20.0
78727,32.0,27.0,30.0,5.0,25.0,42.0,19.0,26.0,22.0
78727,28.0,28.0,31.0,5.0,24.0,43.0,18.0,26.0,23.0
78727,27.0,29.0,31.0,2.5,25.0,43.0,18.0,27.0,23.0
78727,27.0,27.0,31.0,2.5,25.0,41.0,19.0,25.0,22.0
78727,26.0,28.0,30.0,2.5,22.0,43.0,18.0,23.0,24.0
78728,55.0,82.0,52.0,9.0,73.0,78.0,39.0,73.0,39.0
78728,57.0,88.0,52.0,10.0,75.0,83.0,43.0,75.0,40.0
78728,58.0,92.0,53.0,11.0,80.0,84.0,45.0,76.0,43.0
78728,57.0,90.0,51.0,7.0,76.0,81.0,41.0,76.0,40.0
78728,57.0,94.0,51.0,9.0,79.0,84.0,45.0,78.0,40.0
78728,54.0,107.0,53.0,9.0,91.0,86.0,49.0,81.0,47.0
78728,52.99186991869919,105.99186991869918,50.22764227642276,9.252032520325203,88.73170731707317,84.99186991869918,46.479674796747965,78.73170731707317,48.51219512195122
78728,51.983739837398375,104.98373983739837,47.45528455284553,9.504065040650406,86.46341463414635,83.98373983739837,43.959349593495936,76.46341463414635,50.02439024390244
78728,51.00813008130081,104.0081300813008,44.77235772357724,9.747967479674797,84.26829268292683,83.0081300813008,41.52032520325203,74.26829268292683,51.48780487804878
78728,50.0,103.0,42.0,10.0,82.0,82.0,39.0,72.0,53.0
78728,52.0,106.0,42.0,9.0,82.0,84.0,38.0,73.0,55.0
78728,46.0,100.0,38.0,10.0,78.0,79.0,34.0,69.0,54.0
78728,56.0,98.0,48.0,11.0,81.0,85.0,39.0,70.0,57.0
78728,56.0,84.0,53.0,10.0,77.0,80.0,38.0,65.0,54.0
78728,57.0,82.0,57.0,11.0,80.0,80.0,40.0,67.0,53.0
78728,57.0,88.0,55.0,10.0,84.0,79.0,38.0,65.0,60.0
78728,58.0,96.0,58.0,10.0,90.0,85.0,43.0,68.0,64.0
78728,56.0,90.0,55.0,9.0,82.0,83.0,41.0,67.0,57.0
78728,60.0,96.0,55.0,11.0,85.0,88.0,41.0,71.0,61.0
78728,64.0,104.0,60.0,16.0,98.0,97.0,48.0,76.0,71.0
78728,65.0,103.0,60.0,13.0,94.0,95.0,46.0,72.0,71.0
78728,67.01626016260163,107.78861788617886,60.75609756097561,14.008130081300813,99.04065040650407,99.28455284552845,51.040650406504064,74.26829268292683,73.01626016260163
78728,68.96747967479675,112.42276422764228,61.48780487804878,14.983739837398375,103.91869918699187,103.4308943089431,55.91869918699187,76.46341463414635,74.96747967479675
78728,70.98373983739837,117.21138211382114,62.24390243902439,15.991869918699187,108.95934959349594,107.71544715447155,60.959349593495936,78.73170731707317,76.98373983739837
78728,73.0,122.0,63.0,17.0,114.0,112.0,66.0,81.0,79.0
78728,74.0,121.0,64.0,17.0,115.0,111.0,60.0,84.0,82.0
78728,77.0,124.0,64.0,17.0,112.0,114.0,61.0,83.0,82.0
78728,74.0,123.0,66.0,15.0,122.0,107.0,62.0,83.0,84.0
78728,70.0,131.0,64.0,15.0,124.0,110.0,65.0,86.0,83.0
78728,60.0,127.0,54.0,16.0,113.0,105.0,59.0,85.0,74.0
78728,63.0,131.0,54.0,17.0,112.0,114.0,62.0,86.0,78.0
78728,65.0,127.0,53.0,17.0,111.0,113.0,59.0,78.0,87.0
78728,60.0,107.0,48.0,16.0,94.0,102.0,57.0,74.0,65.0
78728,61.0,109.0,50.0,15.0,90.0,103.0,54.0,70.0,69.0
78728,62.0,110.0,50.0,15.0,90.0,104.0,51.0,74.0,69.0
78728,61.0,109.0,48.0,16.0,89.0,103.0,50.0,70.0,72.0
78728,59.0,114.0,42.0,15.0,89.0,103.0,52.0,64.0,76.0
78728,59.0,116.0,45.0,15.0,94.0,101.0,54.0,62.0,79.0
78728,60.0,114.0,45.0,17.0,94.0,101.0,53.0,62.0,80.0
78729,9.0,19.0,13.0,9.0,27.0,19.0,10.0,18.0,18.0
78729,10.0,22.0,14.0,10.0,28.0,23.0,15.0,18.0,18.0
78729,11.0,20.0,17.0,10.0,28.0,24.0,14.0,19.0,19.0
78729,10.0,20.0,17.0,10.0,27.0,24.0,13.0,20.0,18.0
78729,10.0,21.0,17.0,10.0,27.0,25.0,12.0,22.0,18.0
78729,10.0,19.0,15.0,12.0,23.0,27.0,13.0,24.0,13.0
78729,10.0,19.0,16.260162601626018,11.24390243902439,24.51219512195122,25.991869918699187,12.747967479674797,24.0,13.75609756097561
78729,10.0,19.0,17.520325203252032,10.487804878048781,26.024390243902438,24.983739837398375,12.495934959349594,24.0,14.512195121951219
78729,10.0,19.0,18.739837398373986,9.75609756097561,27.48780487804878,24.008130081300813,12.252032520325203,24.0,15.24390243902439
78729,10.0,19.0,20.0,9.0,29.0,23.0,12.0,24.0,16.0
78729,10.0,19.0,22.0,9.0,30.0,24.0,13.0,25.0,16.0
78729,9.0,19.0,21.0,9.0,30.0,24.0,12.0,26.0,16.0
78729,10.0,14.0,23.0,10.0,29.0,22.0,12.0,20.0,19.0
78729,12.0,16.0,27.0,10.0,33.0,24.0,16.0,21.0,20.0
78729,17.0,16.0,35.0,10.0,38.0,27.0,18.0,24.0,23.0
78729,17.0,20.0,34.0,10.0,41.0,28.0,22.0,24.0,23.0
78729,17.0,20.0,33.0,10.0,41.0,27.0,20.0,24.0,24.0
78729,17.0,23.0,31.0,12.0,42.0,29.0,21.0,25.0,25.0
78729,17.0,24.0,30.0,12.0,42.0,29.0,19.0,26.0,26.0
78729,17.0,22.0,29.0,10.0,38.0,27.0,17.0,25.0,23.0
78729,16.0,21.0,27.0,10.0,36.0,26.0,16.0,26.0,20.0
78729,16.252032520325205,21.75609756097561,27.0,9.495934959349594,36.75609756097561,26.252032520325205,16.75609756097561,26.504065040650406,19.747967479674795
78729,16.495934959349594,22.48780487804878,27.0,9.008130081300813,37.48780487804878,26.495934959349594,17.48780487804878,26.991869918699187,19.504065040650406
78729,16.7479674796748,23.24390243902439,27.0,8.504065040650406,38.24390243902439,26.7479674796748,18.24390243902439,27.495934959349594,19.2520325203252
78729,17.0,24.0,27.0,8.0,39.0,27.0,19.0,28.0,19.0
78729,17.0,27.0,27.0,7.0,40.0,28.0,18.0,30.0,20.0
78729,12.0,27.0,18.0,7.0,32.0,26.0,15.0,27.0,16.0
78729,20.0,21.0,21.0,11.0,35.0,28.0,15.0,34.0,14.0
78729,20.0,22.0,21.0,11.0,36.0,28.0,17.0,31.0,16.0
78729,19.0,19.0,20.0,11.0,33.0,26.0,13.0,31.0,15.0
78729,23.0,19.0,19.0,10.0,35.0,26.0,15.0,31.0,15.0
78729,26.0,21.0,21.0,10.0,35.0,31.0,14.0,30.0,22.0
78729,25.0,20.0,23.0,8.0,32.0,31.0,15.0,24.0,24.0
78729,27.0,19.0,24.0,10.0,33.0,31.0,13.0,27.0,24.0
78729,28.0,15.0,28.0,10.0,35.0,30.0,15.0,29.0,21.0
78729,26.0,16.0,26.0,10.0,34.0,30.0,15.0,28.0,21.0
78729,21.0,15.0,26.0,7.0,31.0,24.0,13.0,25.0,17.0
78729,22.0,16.0,27.0,7.0,32.0,26.0,15.0,25.0,18.0
78729,23.0,13.0,28.0,8.0,30.0,29.0,16.0,25.0,18.0
78731,7.0,7.0,7.0,2.5,6.0,8.0,2.5,5.0,6.0
78731,7.0,9.0,9.0,2.5,9.0,9.0,5.0,7.0,6.0
78731,7.0,9.0,9.0,2.5,9.0,9.0,5.0,7.0,6.0
78731,7.0,9.0,9.0,2.5,9.0,10.0,5.0,8.0,6.0
78731,7.0,9.0,9.0,2.5,9.0,10.0,5.0,8.0,6.0
78731,7.0,9.0,9.0,2.5,9.0,10.0,2.5,9.0,6.0
78731,5.865853658536585,7.991869918699187,7.361788617886178,2.5,8.495934959349594,8.991869918699187,2.5,8.24390243902439,5.117886178861789
78731,4.7317073170731705,6.983739837398374,5.723577235772357,2.5,7.991869918699187,7.983739837398374,2.5,7.487804878048781,4.235772357723577
78731,3.6341463414634143,6.008130081300813,4.138211382113821,2.5,7.504065040650406,7.008130081300813,2.5,6.7560975609756095,3.382113821138211
78731,2.5,5.0,2.5,2.5,7.0,6.0,2.5,6.0,2.5
78731,2.5,2.5,2.5,2.5,7.0,2.5,2.5,7.0,2.5
78731,2.5,2.5,5.0,2.5,8.0,2.5,2.5,8.0,2.5
78731,2.5,5.0,2.5,2.5,2.5,6.0,2.5,5.0,2.5
78731,2.5,5.0,2.5,2.5,2.5,2.5,2.5,2.5,2.5
78731,2.5,5.0,2.5,2.5,2.5,2.5,2.5,2.5,2.5
78731,2.5,5.0,2.5,2.5,2.5,2.5,2.5,2.5,2.5
78731,2.5,5.0,2.5,2.5,2.5,6.0,2.5,2.5,2.5
78731,2.5,5.0,2.5,2.5,2.5,6.0,2.5,2.5,2.5
78731,2.5,2.5,2.5,2.5,2.5,5.0,2.5,2.5,2.5
78731,2.5,2.5,2.5,2.5,2.5,6.0,2.5,2.5,2.5
78731,2.5,5.0,5.0,2.5,2.5,7.0,6.0,2.5,2.5
78731,3.886178861788618,5.252032520325203,5.7560975609756095,2.5,4.138211382113822,7.504065040650406,7.008130081300813,2.5,3.130081300813008
78731,5.227642276422765,5.495934959349594,6.487804878048781,2.5,5.723577235772358,7.991869918699187,7.983739837398375,2.5,3.739837398373984
78731,6.6138211382113825,5.747967479674797,7.2439024390243905,2.5,7.361788617886179,8.495934959349594,8.991869918699187,2.5,4.369918699186992
78731,8.0,6.0,8.0,2.5,9.0,9.0,10.0,2.5,5.0
78731,10.0,6.0,10.0,2.5,10.0,10.0,11.0,2.5,5.0
78731,12.0,9.0,14.0,2.5,13.0,14.0,14.0,7.0,6.0
78731,15.0,9.0,14.0,2.5,16.0,14.0,15.0,8.0,7.0
78731,16.0,9.0,13.0,2.5,16.0,13.0,15.0,9.0,5.0
78731,16.0,8.0,12.0,2.5,15.0,12.0,16.0,8.0,2.5
78731,15.0,7.0,11.0,2.5,14.0,11.0,15.0,8.0,2.5
78731,15.0,8.0,11.0,5.0,16.0,11.0,14.0,8.0,5.0
78731,15.0,8.0,11.0,5.0,16.0,11.0,14.0,8.0,5.0
78731,13.0,5.0,9.0,5.0,13.0,9.0,13.0,5.0,2.5
78731,13.0,5.0,9.0,5.0,13.0,9.0,13.0,2.5,5.0
78731,13.0,5.0,12.0,5.0,13.0,9.0,13.0,2.5,5.0
78731,13.0,5.0,12.0,5.0,14.0,8.0,11.0,6.0,5.0
78731,13.0,5.0,12.0,5.0,14.0,8.0,11.0,6.0,5.0
78731,13.0,5.0,12.0,5.0,14.0,8.0,11.0,6.0,5.0
78734,2.5,2.5,2.5,2.5,2.5,2.5,2.5,2.5,2.5
78734,2.5,2.5,2.5,2.5,2.5,2.5,2.5,2.5,2.5
78734,2.5,2.5,6.0,2.5,5.0,2.5,2.5,5.0,2.5
78734,6.0,2.5,8.0,2.5,6.0,2.5,2.5,6.0,2.5
78734,6.0,2.5,10.0,2.5,8.0,2.5,2.5,7.0,2.5
78734,6.0,2.5,10.0,2.5,8.0,2.5,2.5,7.0,2.5
78734,5.747967479674797,2.5,9.24390243902439,2.5,7.2439024390243905,2.5,2.5,6.495934959349594,2.5
78734,5.495934959349594,2.5,8.487804878048781,2.5,6.487804878048781,2.5,2.5,5.991869918699187,2.5
78734,5.252032520325203,2.5,7.7560975609756095,2.5,5.7560975609756095,2.5,2.5,5.504065040650406,2.5
78734,5.0,2.5,7.0,2.5,5.0,2.5,2.5,5.0,2.5
78734,5.0,2.5,7.0,2.5,5.0,2.5,2.5,5.0,2.5
78734,5.0,2.5,7.0,2.5,5.0,2.5,2.5,5.0,2.5
78734,5.0,2.5,7.0,2.5,5.0,2.5,2.5,5.0,2.5
78734,2.5,2.5,6.0,2.5,5.0,2.5,2.5,5.0,2.5
78734,2.5,2.5,5.0,2.5,2.5,2.5,2.5,2.5,2.5
78734,2.5,2.5,2.5,2.5,2.5,2.5,2.5,2.5,2.5
78734,2.5,2.5,2.5,2.5,2.5,2.5,2.5,2.5,2.5
78734,2.5,2.5,5.0,2.5,2.5,2.5,2.5,2.5,2.5
78734,2.5,2.5,5.0,2.5,5.0,2.5,2.5,2.5,2.5
78734,2.5,2.5,5.0,2.5,5.0,2.5,2.5,2.5,2.5
78734,2.5,2.5,5.0,2.5,5.0,2.5,5.0,2.5,2.5
78734,2.5,2.5,4.369918699186992,2.5,5.504065040650406,2.5,5.252032520325203,2.5,2.5
78734,2.5,2.5,3.760162601626016,2.5,5.991869918699187,2.5,5.495934959349594,2.5,2.5
78734,2.5,2.5,3.130081300813008,2.5,6.495934959349594,2.5,5.747967479674797,2.5,2.5
78734,2.5,2.5,2.5,2.5,7.0,2.5,6.0,2.5,2.5
78734,2.5,2.5,2.5,2.5,7.0,2.5,6.0,2.5,2.5
78734,2.5,2.5,2.5,2.5,7.0,2.5,6.0,2.5,2.5
78734,2.5,2.5,2.5,2.5,7.0,2.5,5.0,5.0,2.5
78734,2.5,2.5,5.0,2.5,8.0,2.5,5.0,5.0,2.5
78734,2.5,2.5,5.0,2.5,8.0,2.5,5.0,5.0,2.5
78734,2.5,2.5,2.5,2.5,7.0,2.5,2.5,2.5,2.5
78734,2.5,2.5,8.0,2.5,9.0,2.5,2.5,6.0,2.5
78734,2.5,2.5,6.0,2.5,7.0,2.5,2.5,5.0,2.5
78734,2.5,2.5,7.0,2.5,6.0,2.5,5.0,2.5,2.5
78734,2.5,2.5,8.0,2.5,8.0,2.5,6.0,5.0,2.5
78734,2.5,2.5,7.0,2.5,7.0,2.5,6.0,2.5,2.5
78734,2.5,2.5,8.0,2.5,8.0,2.5,7.0,2.5,2.5
78734,2.5,2.5,8.0,2.5,8.0,2.5,7.0,2.5,2.5
78734,2.5,2.5,8.0,2.5,8.0,2.5,7.0,5.0,2.5
78735,10.0,8.0,11.0,2.5,14.0,8.0,8.0,10.0,2.5
78735,10.0,6.0,11.0,2.5,13.0,7.0,8.0,8.0,2.5
78735,10.0,2.5,11.0,2.5,11.0,7.0,7.0,7.0,2.5
78735,10.0,2.5,11.0,2.5,11.0,7.0,6.0,8.0,2.5
78735,10.0,2.5,10.0,2.5,11.0,6.0,6.0,7.0,2.5
78735,10.0,2.5,10.0,2.5,11.0,5.0,6.0,5.0,5.0
78735,9.495934959349594,3.886178861788618,9.495934959349594,2.5,11.504065040650406,5.252032520325203,6.0,6.008130081300813,4.369918699186992
78735,8.991869918699187,5.272357723577236,8.991869918699187,2.5,12.008130081300813,5.504065040650406,6.0,7.016260162601626,3.7398373983739837
78735,8.504065040650406,6.6138211382113825,8.504065040650406,2.5,12.495934959349594,5.747967479674797,6.0,7.991869918699187,3.130081300813008
78735,8.0,8.0,8.0,2.5,13.0,6.0,6.0,9.0,2.5
78735,8.0,8.0,8.0,2.5,12.0,6.0,2.5,11.0,2.5
78735,10.0,8.0,10.0,2.5,13.0,7.0,2.5,12.0,5.0
78735,12.0,8.0,11.0,2.5,13.0,8.0,2.5,13.0,5.0
78735,8.0,8.0,7.0,2.5,10.0,7.0,2.5,11.0,2.5
78735,8.0,8.0,8.0,2.5,11.0,7.0,2.5,11.0,2.5
78735,8.0,8.0,8.0,2.5,11.0,7.0,2.5,10.0,2.5
78735,10.0,8.0,12.0,2.5,14.0,8.0,5.0,11.0,6.0
78735,10.0,8.0,12.0,2.5,14.0,8.0,5.0,11.0,6.0
78735,9.0,6.0,11.0,2.5,12.0,7.0,5.0,10.0,2.5
78735,9.0,8.0,11.0,2.5,14.0,7.0,5.0,11.0,5.0
78735,10.0,5.0,11.0,2.5,11.0,6.0,2.5,8.0,5.0
78735,10.252032520325203,4.369918699186992,11.75609756097561,2.5,11.0,6.504065040650406,2.5,8.504065040650406,5.0
78735,10.495934959349594,3.760162601626016,12.487804878048781,2.5,11.0,6.991869918699187,2.5,8.991869918699187,5.0
78735,10.747967479674797,3.130081300813008,13.24390243902439,2.5,11.0,7.495934959349594,2.5,9.495934959349594,5.0
78735,11.0,2.5,14.0,2.5,11.0,8.0,2.5,10.0,5.0
78735,11.0,6.0,14.0,2.5,11.0,9.0,5.0,11.0,5.0
78735,11.0,7.0,13.0,2.5,11.0,9.0,2.5,12.0,5.0
78735,11.0,6.0,12.0,2.5,10.0,8.0,2.5,10.0,5.0
78735,11.0,6.0,12.0,2.5,10.0,8.0,2.5,11.0,5.0
78735,11.0,8.0,12.0,2.5,10.0,10.0,2.5,12.0,5.0
78735,12.0,9.0,12.0,2.5,10.0,11.0,2.5,13.0,5.0
78735,12.0,9.0,12.0,2.5,10.0,11.0,2.5,13.0,5.0
78735,12.0,8.0,11.0,2.5,9.0,10.0,2.5,12.0,5.0
78735,12.0,8.0,11.0,2.5,8.0,10.0,2.5,11.0,5.0
78735,13.0,8.0,12.0,2.5,9.0,10.0,2.5,10.0,6.0
78735,13.0,8.0,12.0,2.5,9.0,10.0,2.5,9.0,7.0
78735,14.0,9.0,13.0,2.5,12.0,11.0,5.0,12.0,7.0
78735,10.0,10.0,9.0,2.5,11.0,9.0,5.0,10.0,6.0
78735,10.0,10.0,9.0,2.5,11.0,9.0,5.0,10.0,6.0
78736,2.5,2.5,2.5,2.5,2.5,2.5,2.5,2.5,2.5
78736,2.5,2.5,2.5,2.5,2.5,2.5,2.5,2.5,2.5
78736,2.5,2.5,2.5,2.5,2.5,2.5,2.5,2.5,2.5
78736,2.5,2.5,2.5,2.5,2.5,2.5,2.5,2.5,2.5
78736,2.5,2.5,2.5,2.5,2.5,2.5,2.5,2.5,2.5
78736,2.5,2.5,2.5,2.5,2.5,2.5,2.5,2.5,2.5
78736,2.5,2.5,2.5,2.5,2.5,2.5,2.5,2.5,2.5
78736,2.5,2.5,2.5,2.5,2.5,2.5,2.5,2.5,2.5
78736,2.5,2.5,2.5,2.5,2.5,2.5,2.5,2.5,2.5
78736,2.5,2.5,2.5,2.5,2.5,2.5,2.5,2.5,2.5
78736,2.5,2.5,2.5,2.5,2.5,2.5,2.5,2.5,2.5
78736,2.5,2.5,2.5,2.5,2.5,2.5,2.5,2.5,2.5
78736,2.5,2.5,2.5,2.5,2.5,2.5,2.5,2.5,2.5
78736,2.5,2.5,2.5,2.5,2.5,2.5,2.5,2.5,2.5
78736,2.5,2.5,2.5,2.5,2.5,2.5,2.5,2.5,2.5
78736,2.5,2.5,2.5,2.5,2.5,2.5,2.5,2.5,2.5
78736,2.5,2.5,2.5,2.5,2.5,2.5,2.5,2.5,2.5
78736,2.5,2.5,2.5,2.5,2.5,2.5,2.5,2.5,2.5
78736,2.5,2.5,2.5,2.5,2.5,2.5,2.5,2.5,2.5
78736,2.5,2.5,2.5,2.5,2.5,2.5,2.5,2.5,2.5
78736,2.5,2.5,2.5,2.5,2.5,2.5,2.5,2.5,2.5
78736,2.5,2.5,2.5,2.5,2.5,2.5,2.5,2.5,2.5
78736,2.5,2.5,2.5,2.5,2.5,2.5,2.5,2.5,2.5
78736,2.5,2.5,2.5,2.5,2.5,2.5,2.5,2.5,2.5
78736,2.5,2.5,2.5,2.5,2.5,2.5,2.5,2.5,2.5
78736,2.5,2.5,2.5,2.5,2.5,2.5,2.5,2.5,2.5
78736,2.5,2.5,2.5,2.5,2.5,2.5,2.5,2.5,2.5
78736,2.5,2.5,2.5,2.5,2.5,2.5,2.5,2.5,2.5
78736,2.5,2.5,2.5,2.5,2.5,2.5,2.5,2.5,2.5
78736,2.5,2.5,2.5,2.5,2.5,2.5,2.5,2.5,2.5
78736,2.5,2.5,2.5,2.5,2.5,2.5,2.5,2.5,2.5
78736,2.5,2.5,2.5,2.5,2.5,2.5,2.5,2.5,2.5
78736,2.5,2.5,2.5,2.5,2.5,2.5,2.5,2.5,2.5
78736,2.5,2.5,2.5,2.5,2.5,2.5,2.5,2.5,2.5
78736,2.5,2.5,2.5,2.5,2.5,2.5,2.5,2.5,2.5
78736,2.5,2.5,2.5,2.5,2.5,2.5,2.5,2.5,2.5
78736,2.5,2.5,2.5,2.5,2.5,2.5,2.5,2.5,2.5
78736,2.5,2.5,2.5,2.5,2.5,2.5,2.5,2.5,2.5
78736,2.5,2.5,2.5,2.5,2.5,2.5,2.5,2.5,2.5
78739,2.5,2.5,2.5,2.5,2.5,2.5,2.5,2.5,2.5
78739,2.5,2.5,2.5,2.5,2.5,2.5,2.5,2.5,2.5
78739,2.5,2.5,2.5,2.5,2.5,2.5,2.5,2.5,2.5
78739,2.5,2.5,2.5,2.5,2.5,2.5,2.5,2.5,2.5
78739,2.5,2.5,2.5,2.5,2.5,2.5,2.5,2.5,2.5
78739,2.5,2.5,2.5,2.5,5.0,2.5,2.5,2.5,2.5
78739,2.5,2.5,2.5,2.5,4.369918699186992,2.5,2.5,2.5,2.5
78739,2.5,2.5,2.5,2.5,3.7398373983739837,2.5,2.5,2.5,2.5
78739,2.5,2.5,2.5,2.5,3.130081300813008,2.5,2.5,2.5,2.5
78739,2.5,2.5,2.5,2.5,2.5,2.5,2.5,2.5,2.5
78739,2.5,2.5,2.5,2.5,2.5,2.5,2.5,2.5,2.5
78739,2.5,2.5,2.5,2.5,2.5,2.5,2.5,2.5,2.5
78739,2.5,2.5,2.5,2.5,2.5,2.5,2.5,2.5,2.5
78739,2.5,2.5,2.5,2.5,2.5,2.5,2.5,2.5,2.5
78739,2.5,2.5,2.5,2.5,2.5,2.5,2.5,2.5,2.5
78739,5.0,2.5,2.5,2.5,5.0,2.5,2.5,2.5,2.5
78739,5.0,2.5,2.5,2.5,5.0,2.5,2.5,2.5,2.5
78739,5.0,2.5,2.5,2.5,5.0,2.5,2.5,2.5,2.5
78739,5.0,2.5,2.5,2.5,5.0,2.5,2.5,2.5,2.5
78739,5.0,2.5,2.5,2.5,5.0,2.5,2.5,2.5,2.5
78739,5.0,2.5,2.5,2.5,5.0,2.5,2.5,2.5,2.5
78739,4.369918699186992,2.5,2.5,2.5,4.369918699186992,2.5,2.5,2.5,2.5
78739,3.760162601626016,2.5,2.5,2.5,3.760162601626016,2.5,2.5,2.5,2.5
78739,3.130081300813008,2.5,2.5,2.5,3.130081300813008,2.5,2.5,2.5,2.5
78739,2.5,2.5,2.5,2.5,2.5,2.5,2.5,2.5,2.5
78739,2.5,2.5,2.5,2.5,2.5,2.5,2.5,2.5,2.5
78739,2.5,2.5,2.5,2.5,2.5,2.5,2.5,2.5,2.5
78739,2.5,2.5,2.5,2.5,2.5,2.5,2.5,2.5,2.5
78739,2.5,2.5,2.5,2.5,5.0,2.5,2.5,2.5,2.5
78739,6.0,2.5,2.5,2.5,8.0,2.5,2.5,2.5,2.5
78739,6.0,2.5,2.5,2.5,8.0,2.5,2.5,2.5,2.5
78739,2.5,2.5,2.5,2.5,6.0,2.5,2.5,2.5,2.5
78739,6.0,2.5,2.5,2.5,8.0,2.5,2.5,2.5,2.5
78739,6.0,2.5,2.5,2.5,8.0,2.5,2.5,2.5,2.5
78739,6.0,2.5,2.5,2.5,8.0,2.5,2.5,2.5,2.5
78739,6.0,2.5,2.5,2.5,8.0,2.5,2.5,2.5,2.5
78739,7.0,2.5,2.5,2.5,9.0,2.5,2.5,2.5,2.5
78739,6.0,2.5,2.5,2.5,8.0,2.5,2.5,2.5,2.5
78739,6.0,2.5,2.5,2.5,8.0,2.5,2.5,2.5,2.5
78741,47.0,31.0,44.0,2.5,40.0,46.0,30.0,31.0,25.0
78741,50.0,32.0,47.0,2.5,40.0,49.0,33.0,31.0,25.0
78741,61.0,33.0,58.0,2.5,45.0,56.0,35.0,35.0,31.0
78741,60.0,38.0,57.0,2.5,48.0,56.0,40.0,35.0,29.0
78741,65.0,41.0,62.0,2.5,53.0,59.0,44.0,37.0,31.0
78741,72.0,45.0,69.0,2.5,61.0,62.0,45.0,43.0,35.0
78741,66.45528455284553,43.48780487804878,63.959349593495936,2.5,56.71544715447155,58.97560975609756,43.235772357723576,41.739837398373986,30.715447154471544
78741,60.91056910569105,41.97560975609756,58.91869918699187,2.5,52.43089430894309,55.951219512195124,41.47154471544715,40.479674796747965,26.43089430894309
78741,55.54471544715447,40.51219512195122,54.040650406504064,2.5,48.28455284552845,53.02439024390244,39.764227642276424,39.260162601626014,22.284552845528452
78741,50.0,39.0,49.0,2.5,44.0,50.0,38.0,38.0,18.0
78741,49.0,40.0,47.0,2.5,45.0,48.0,37.0,40.0,16.0
78741,59.0,40.0,56.0,2.5,52.0,52.0,41.0,43.0,20.0
78741,60.0,37.0,58.0,2.5,56.0,52.0,39.0,45.0,24.0
78741,63.0,36.0,59.0,2.5,55.0,54.0,39.0,46.0,24.0
78741,69.0,40.0,62.0,2.5,57.0,56.0,42.0,45.0,26.0
78741,68.0,41.0,62.0,2.5,57.0,56.0,42.0,44.0,27.0
78741,73.0,45.0,68.0,2.5,60.0,63.0,42.0,50.0,31.0
78741,74.0,48.0,68.0,2.5,66.0,66.0,46.0,50.0,36.0
78741,80.0,50.0,75.0,2.5,70.0,71.0,50.0,55.0,36.0
78741,86.0,47.0,83.0,2.5,73.0,73.0,54.0,54.0,38.0
78741,79.0,44.0,73.0,2.5,67.0,65.0,57.0,48.0,27.0
78741,80.76422764227642,47.27642276422764,74.76422764227642,2.5,71.28455284552845,67.01626016260163,59.016260162601625,51.27642276422764,28.008130081300813
78741,82.47154471544715,50.447154471544714,76.47154471544715,2.5,75.4308943089431,68.96747967479675,60.96747967479675,54.447154471544714,28.983739837398375
78741,84.23577235772358,53.72357723577236,78.23577235772358,2.5,79.71544715447155,70.98373983739837,62.983739837398375,57.72357723577236,29.991869918699187
78741,86.0,57.0,80.0,2.5,84.0,73.0,65.0,61.0,31.0
78741,76.0,62.0,70.0,2.5,81.0,71.0,68.0,59.0,25.0
78741,79.0,64.0,75.0,2.5,86.0,72.0,70.0,57.0,31.0
78741,81.0,63.0,76.0,2.5,82.0,74.0,65.0,56.0,35.0
78741,91.0,63.0,86.0,2.5,83.0,83.0,62.0,60.0,44.0
78741,90.0,61.0,83.0,7.0,81.0,83.0,63.0,60.0,41.0
78741,92.0,54.0,85.0,8.0,77.0,82.0,56.0,62.0,41.0
78741,86.0,52.0,79.0,7.0,72.0,77.0,49.0,61.0,39.0
78741,75.0,48.0,71.0,7.0,69.0,72.0,46.0,63.0,32.0
78741,71.0,50.0,63.0,2.5,68.0,66.0,45.0,61.0,28.0
78741,71.0,47.0,63.0,2.5,65.0,68.0,46.0,56.0,31.0
78741,75.0,46.0,66.0,2.5,65.0,69.0,44.0,58.0,32.0
78741,81.0,47.0,67.0,2.5,65.0,71.0,45.0,56.0,35.0
78741,76.0,43.0,61.0,2.5,60.0,65.0,41.0,54.0,30.0
78741,78.0,44.0,62.0,2.5,62.0,64.0,38.0,55.0,33.0
78742,2.5,2.5,2.5,2.5,2.5,2.5,2.5,2.5,2.5
78742,2.5,2.5,2.5,2.5,2.5,2.5,2.5,2.5,2.5
78742,2.5,2.5,2.5,2.5,2.5,2.5,2.5,2.5,2.5
78742,2.5,2.5,2.5,2.5,2.5,2.5,2.5,2.5,2.5
78742,2.5,2.5,2.5,2.5,2.5,2.5,2.5,2.5,2.5
78742,5.0,2.5,5.0,2.5,2.5,2.5,2.5,2.5,2.5
78742,5.0,2.5,5.0,2.5,2.5,2.5,2.5,2.5,2.5
78742,5.0,2.5,5.0,2.5,2.5,2.5,2.5,2.5,2.5
78742,5.0,2.5,5.0,2.5,2.5,2.5,2.5,2.5,2.5
78742,5.0,2.5,5.0,2.5,2.5,2.5,2.5,2.5,2.5
78742,5.0,2.5,5.0,2.5,2.5,2.5,2.5,2.5,2.5
78742,2.5,2.5,2.5,2.5,2.5,2.5,2.5,2.5,2.5
78742,2.5,2.5,2.5,2.5,2.5,2.5,2.5,2.5,2.5
78742,2.5,2.5,2.5,2.5,2.5,2.5,2.5,2.5,2.5
78742,2.5,2.5,2.5,2.5,2.5,2.5,2.5,2.5,2.5
78742,2.5,2.5,2.5,2.5,2.5,2.5,2.5,2.5,2.5
78742,2.5,2.5,2.5,2.5,2.5,2.5,2.5,2.5,2.5
78742,2.5,2.5,2.5,2.5,2.5,2.5,2.5,2.5,2.5
78742,2.5,2.5,2.5,2.5,2.5,2.5,2.5,2.5,2.5
78742,2.5,2.5,2.5,2.5,2.5,2.5,2.5,2.5,2.5
78742,2.5,2.5,2.5,2.5,2.5,2.5,2.5,2.5,2.5
78742,2.5,2.5,2.5,2.5,2.5,2.5,2.5,2.5,2.5
78742,2.5,2.5,2.5,2.5,2.5,2.5,2.5,2.5,2.5
78742,2.5,2.5,2.5,2.5,2.5,2.5,2.5,2.5,2.5
78742,2.5,2.5,2.5,2.5,2.5,2.5,2.5,2.5,2.5
78742,2.5,2.5,2.5,2.5,2.5,2.5,2.5,2.5,2.5
78742,2.5,2.5,2.5,2.5,2.5,2.5,2.5,2.5,2.5
78742,2.5,2.5,2.5,2.5,2.5,2.5,2.5,2.5,2.5
78742,2.5,2.5,2.5,2.5,2.5,2.5,2.5,2.5,2.5
78742,2.5,2.5,2.5,2.5,2.5,2.5,2.5,2.5,2.5
78742,2.5,2.5,2.5,2.5,2.5,2.5,2.5,2.5,2.5
78742,2.5,2.5,2.5,2.5,2.5,2.5,2.5,2.5,2.5
78742,2.5,2.5,2.5,2.5,2.5,2.5,2.5,2.5,2.5
78742,2.5,2.5,2.5,2.5,2.5,2.5,2.5,2.5,2.5
78742,2.5,2.5,2.5,2.5,2.5,2.5,2.5,2.5,2.5
78742,2.5,2.5,2.5,2.5,2.5,2.5,2.5,2.5,2.5
78742,2.5,2.5,2.5,2.5,2.5,2.5,2.5,2.5,2.5
78742,2.5,2.5,2.5,2.5,2.5,2.5,2.5,2.5,2.5
78742,2.5,2.5,2.5,2.5,2.5,2.5,2.5,2.5,2.5
78744,128.0,49.0,116.0,7.0,88.0,89.0,48.0,93.0,36.0
78744,125.0,49.0,114.0,8.0,88.0,88.0,48.0,90.0,38.0
78744,137.0,48.0,126.0,8.0,92.0,95.0,55.0,89.0,43.0
78744,139.0,45.0,127.0,8.0,86.0,98.0,53.0,91.0,40.0
78744,135.0,47.0,123.0,8.0,84.0,98.0,51.0,93.0,38.0
78744,145.0,53.0,131.0,9.0,89.0,110.0,55.0,93.0,51.0
78744,139.70731707317074,51.48780487804878,125.95934959349593,7.991869918699187,85.97560975609755,106.72357723577235,53.99186991869919,89.47154471544715,49.235772357723576
78744,134.41463414634146,49.97560975609756,120.91869918699187,6.983739837398374,82.95121951219512,103.44715447154472,52.983739837398375,85.9430894308943,47.47154471544715
78744,129.29268292682926,48.51219512195122,116.04065040650406,6.008130081300813,80.02439024390245,100.27642276422765,52.00813008130081,82.52845528455285,45.764227642276424
78744,124.0,47.0,111.0,5.0,77.0,97.0,51.0,79.0,44.0
78744,127.0,47.0,115.0,5.0,77.0,101.0,53.0,79.0,46.0
78744,122.0,49.0,109.0,5.0,78.0,98.0,51.0,77.0,48.0
78744,116.0,43.0,98.0,5.0,69.0,94.0,44.0,72.0,47.0
78744,110.0,43.0,94.0,5.0,62.0,91.0,44.0,65.0,44.0
78744,115.0,43.0,96.0,2.5,67.0,93.0,46.0,65.0,49.0
78744,116.0,39.0,97.0,2.5,68.0,91.0,45.0,64.0,50.0
78744,136.0,42.0,112.0,7.0,79.0,103.0,54.0,72.0,56.0
78744,135.0,42.0,107.0,7.0,80.0,99.0,52.0,75.0,52.0
78744,139.0,48.0,114.0,8.0,89.0,108.0,58.0,83.0,56.0
78744,145.0,48.0,118.0,8.0,94.0,110.0,63.0,80.0,61.0
78744,128.0,44.0,106.0,8.0,85.0,99.0,70.0,64.0,50.0
78744,129.5121951219512,45.260162601626014,108.52032520325203,7.2439024390243905,86.26016260162602,100.76422764227642,71.76422764227642,63.7479674796748,51.51219512195122
78744,130.97560975609755,46.479674796747965,110.95934959349593,6.512195121951219,87.47967479674797,102.47154471544715,73.47154471544715,63.50406504065041,52.97560975609756
78744,132.4878048780488,47.739837398373986,113.47967479674797,5.7560975609756095,88.73983739837398,104.23577235772358,75.23577235772358,63.2520325203252,54.48780487804878
78744,134.0,49.0,116.0,5.0,90.0,106.0,77.0,63.0,56.0
78744,134.0,51.0,116.0,2.5,90.0,109.0,77.0,69.0,53.0
78744,141.0,60.0,115.0,2.5,99.0,114.0,78.0,75.0,60.0
78744,142.0,52.0,115.0,2.5,97.0,108.0,82.0,76.0,47.0
78744,159.0,57.0,127.0,6.0,108.0,122.0,93.0,87.0,50.0
78744,158.0,61.0,120.0,8.0,111.0,120.0,90.0,95.0,46.0
78744,159.0,56.0,124.0,9.0,114.0,113.0,83.0,99.0,45.0
78744,165.0,60.0,123.0,9.0,112.0,119.0,84.0,98.0,49.0
78744,149.0,58.0,106.0,9.0,98.0,110.0,75.0,91.0,42.0
78744,140.0,50.0,101.0,9.0,92.0,99.0,65.0,86.0,40.0
78744,138.0,45.0,104.0,7.0,91.0,97.0,63.0,80.0,45.0
78744,136.0,43.0,101.0,7.0,91.0,95.0,56.0,84.0,46.0
78744,128.0,47.0,96.0,7.0,89.0,93.0,55.0,87.0,40.0
78744,128.0,46.0,98.0,8.0,88.0,96.0,58.0,86.0,40.0
78744,129.0,49.0,98.0,8.0,90.0,96.0,56.0,88.0,43.0
78745,83.0,18.0,81.0,2.5,59.0,51.0,34.0,39.0,37.0
78745,78.0,19.0,76.0,2.5,58.0,49.0,31.0,43.0,33.0
78745,82.0,19.0,80.0,2.5,62.0,49.0,30.0,47.0,34.0
78745,86.0,22.0,84.0,2.5,65.0,53.0,33.0,51.0,34.0
78745,89.0,23.0,86.0,2.5,64.0,57.0,34.0,52.0,35.0
78745,92.0,27.0,87.0,8.0,68.0,63.0,37.0,55.0,39.0
78745,88.21951219512195,27.0,83.72357723577235,8.504065040650406,64.47154471544715,64.00813008130082,39.016260162601625,54.24390243902439,35.21951219512195
78745,84.4390243902439,27.0,80.44715447154472,9.008130081300813,60.94308943089431,65.01626016260163,41.03252032520325,53.48780487804878,31.4390243902439
78745,80.78048780487805,27.0,77.27642276422765,9.495934959349594,57.52845528455285,65.9918699186992,42.983739837398375,52.75609756097561,27.78048780487805
78745,77.0,27.0,74.0,10.0,54.0,67.0,45.0,52.0,24.0
78745,77.0,25.0,73.0,10.0,56.0,64.0,47.0,49.0,24.0
78745,75.0,25.0,72.0,11.0,56.0,64.0,43.0,51.0,26.0
78745,80.0,20.0,77.0,7.0,62.0,57.0,40.0,49.0,30.0
78745,82.0,22.0,80.0,5.0,61.0,61.0,42.0,47.0,33.0
78745,85.0,23.0,84.0,5.0,65.0,64.0,46.0,49.0,34.0
78745,78.0,23.0,78.0,6.0,63.0,59.0,42.0,44.0,36.0
78745,84.0,23.0,80.0,6.0,69.0,62.0,41.0,47.0,43.0
78745,88.0,23.0,79.0,9.0,68.0,64.0,43.0,50.0,39.0
78745,95.0,23.0,85.0,9.0,73.0,66.0,38.0,62.0,39.0
78745,99.0,24.0,91.0,10.0,75.0,70.0,39.0,62.0,44.0
78745,92.0,23.0,84.0,11.0,74.0,63.0,39.0,55.0,43.0
78745,96.28455284552845,25.772357723577237,86.26829268292683,11.0,75.76422764227642,65.26829268292683,40.260162601626014,57.016260162601625,43.75609756097561
78745,100.4308943089431,28.45528455284553,88.46341463414635,11.0,77.47154471544715,67.46341463414635,41.479674796747965,58.96747967479675,44.48780487804878
78745,104.71544715447155,31.227642276422763,90.73170731707317,11.0,79.23577235772358,69.73170731707317,42.739837398373986,60.983739837398375,45.24390243902439
78745,109.0,34.0,93.0,11.0,81.0,72.0,44.0,63.0,46.0
78745,111.0,35.0,94.0,11.0,85.0,71.0,51.0,59.0,46.0
78745,111.0,36.0,95.0,12.0,84.0,75.0,52.0,58.0,49.0
78745,109.0,37.0,91.0,12.0,85.0,77.0,53.0,57.0,52.0
78745,106.0,37.0,88.0,13.0,81.0,81.0,48.0,62.0,52.0
78745,99.0,37.0,84.0,11.0,74.0,78.0,52.0,61.0,39.0
78745,99.0,45.0,84.0,11.0,83.0,83.0,60.0,65.0,41.0
78745,103.0,45.0,84.0,12.0,88.0,83.0,58.0,69.0,44.0
78745,91.0,39.0,72.0,13.0,81.0,67.0,54.0,56.0,38.0
78745,92.0,31.0,76.0,13.0,74.0,67.0,48.0,58.0,35.0
78745,93.0,35.0,73.0,13.0,76.0,66.0,40.0,65.0,37.0
78745,98.0,36.0,77.0,13.0,78.0,72.0,40.0,73.0,37.0
78745,99.0,36.0,76.0,13.0,73.0,75.0,42.0,70.0,36.0
78745,98.0,34.0,74.0,13.0,70.0,71.0,40.0,63.0,38.0
78745,98.0,36.0,74.0,13.0,70.0,72.0,36.0,63.0,43.0
78747,36.0,10.0,33.0,2.5,28.0,28.0,17.0,27.0,12.0
78747,38.0,7.0,35.0,2.5,27.0,28.0,17.0,26.0,12.0
78747,43.0,9.0,39.0,2.5,29.0,33.0,21.0,27.0,14.0
78747,44.0,9.0,40.0,2.5,29.0,34.0,24.0,26.0,13.0
78747,47.0,9.0,42.0,2.5,30.0,36.0,25.0,27.0,14.0
78747,53.0,9.0,45.0,2.5,33.0,39.0,25.0,28.0,19.0
78747,51.739837398373986,7.361788617886178,43.739837398373986,2.5,31.991869918699187,37.48780487804878,24.495934959349594,27.495934959349594,17.48780487804878
78747,50.479674796747965,5.723577235772357,42.479674796747965,2.5,30.983739837398375,35.97560975609756,23.991869918699187,26.991869918699187,15.975609756097562
78747,49.260162601626014,4.138211382113821,41.260162601626014,2.5,30.008130081300813,34.51219512195122,23.504065040650406,26.504065040650406,14.512195121951219
78747,48.0,2.5,40.0,2.5,29.0,33.0,23.0,26.0,13.0
78747,46.0,2.5,40.0,2.5,29.0,31.0,21.0,25.0,14.0
78747,45.0,5.0,38.0,2.5,28.0,33.0,23.0,26.0,12.0
78747,45.0,8.0,37.0,2.5,30.0,32.0,24.0,27.0,11.0
78747,44.0,7.0,38.0,2.5,28.0,32.0,20.0,32.0,8.0
78747,44.0,9.0,39.0,2.5,28.0,33.0,20.0,33.0,8.0
78747,45.0,9.0,40.0,2.5,29.0,33.0,18.0,36.0,8.0
78747,52.0,9.0,46.0,2.5,33.0,37.0,19.0,35.0,16.0
78747,50.0,10.0,44.0,2.5,32.0,38.0,19.0,37.0,14.0
78747,50.0,10.0,48.0,2.5,32.0,38.0,19.0,36.0,15.0
78747,49.0,10.0,47.0,2.5,33.0,37.0,20.0,34.0,16.0
78747,42.0,12.0,41.0,2.5,32.0,34.0,22.0,33.0,11.0
78747,44.77235772357724,13.260162601626016,42.764227642276424,2.5,34.26829268292683,34.75609756097561,25.276422764227643,32.24390243902439,11.504065040650406
78747,47.45528455284553,14.479674796747968,44.47154471544715,2.5,36.46341463414634,35.48780487804878,28.447154471544714,31.51219512195122,11.991869918699187
78747,50.22764227642276,15.739837398373984,46.235772357723576,2.5,38.73170731707317,36.24390243902439,31.72357723577236,30.75609756097561,12.495934959349594
78747,53.0,17.0,48.0,2.5,41.0,37.0,35.0,30.0,13.0
78747,60.0,20.0,50.0,2.5,47.0,38.0,37.0,34.0,14.0
78747,61.0,22.0,51.0,2.5,47.0,41.0,39.0,30.0,19.0
78747,63.0,24.0,52.0,2.5,49.0,37.0,40.0,30.0,16.0
78747,66.0,24.0,54.0,2.5,49.0,40.0,38.0,32.0,19.0
78747,65.0,18.0,54.0,2.5,45.0,37.0,38.0,31.0,13.0
78747,66.0,24.0,53.0,5.0,51.0,41.0,36.0,37.0,19.0
78747,72.0,25.0,59.0,5.0,54.0,45.0,35.0,41.0,23.0
78747,67.0,23.0,54.0,2.5,53.0,40.0,39.0,36.0,18.0
78747,68.0,26.0,59.0,2.5,51.0,47.0,39.0,39.0,20.0
78747,68.0,25.0,59.0,2.5,50.0,47.0,34.0,41.0,22.0
78747,68.0,24.0,59.0,2.5,50.0,46.0,32.0,42.0,22.0
78747,76.0,21.0,61.0,9.0,52.0,47.0,32.0,45.0,22.0
78747,69.0,20.0,55.0,9.0,47.0,47.0,27.0,44.0,23.0
78747,68.0,18.0,52.0,11.0,46.0,45.0,26.0,40.0,25.0
78748,60.0,11.0,76.0,2.5,48.0,49.0,17.0,50.0,30.0
78748,61.0,13.0,75.0,2.5,48.0,51.0,20.0,48.0,31.0
78748,68.0,18.0,79.0,6.0,53.0,57.0,24.0,54.0,32.0
78748,68.0,18.0,77.0,7.0,52.0,57.0,26.0,54.0,29.0
78748,68.0,17.0,83.0,5.0,53.0,59.0,26.0,57.0,29.0
78748,88.0,20.0,98.0,7.0,61.0,71.0,30.0,66.0,36.0
78748,84.21951219512195,20.0,95.47967479674797,6.495934959349594,61.2520325203252,67.47154471544715,31.008130081300813,64.23577235772358,33.479674796747965
78748,80.4390243902439,20.0,92.95934959349593,5.991869918699187,61.50406504065041,63.94308943089431,32.016260162601625,62.47154471544715,30.959349593495936
78748,76.78048780487805,20.0,90.52032520325203,5.504065040650406,61.7479674796748,60.52845528455285,32.99186991869919,60.764227642276424,28.520325203252032
78748,73.0,20.0,88.0,5.0,62.0,57.0,34.0,59.0,26.0
78748,74.0,20.0,88.0,5.0,62.0,57.0,34.0,59.0,26.0
78748,73.0,20.0,89.0,2.5,62.0,57.0,37.0,55.0,27.0
78748,81.0,17.0,93.0,2.5,59.0,67.0,44.0,54.0,28.0
78748,76.0,18.0,88.0,6.0,59.0,65.0,43.0,53.0,28.0
78748,81.0,22.0,92.0,5.0,62.0,69.0,42.0,56.0,33.0
78748,78.0,21.0,86.0,6.0,60.0,67.0,43.0,53.0,31.0
78748,83.0,24.0,90.0,9.0,65.0,71.0,41.0,56.0,39.0
78748,80.0,26.0,84.0,10.0,62.0,71.0,46.0,53.0,34.0
78748,86.0,26.0,87.0,10.0,67.0,70.0,48.0,54.0,35.0
78748,98.0,26.0,101.0,11.0,78.0,75.0,51.0,62.0,40.0
78748,91.0,22.0,94.0,10.0,76.0,67.0,51.0,56.0,36.0
78748,95.78861788617886,25.78048780487805,95.26016260162602,10.504065040650406,81.04065040650407,68.51219512195122,54.78048780487805,56.50406504065041,38.26829268292683
78748,100.42276422764228,29.4390243902439,96.47967479674797,10.991869918699187,85.91869918699187,69.97560975609755,58.4390243902439,56.99186991869919,40.46341463414634
78748,105.21138211382114,33.21951219512195,97.73983739837398,11.495934959349594,90.95934959349594,71.48780487804878,62.21951219512195,57.4959349593496,42.73170731707317
78748,110.0,37.0,99.0,12.0,96.0,73.0,66.0,58.0,45.0
78748,110.0,32.0,101.0,12.0,90.0,74.0,64.0,54.0,46.0
78748,119.0,33.0,110.0,12.0,94.0,80.0,63.0,59.0,52.0
78748,117.0,35.0,103.0,12.0,94.0,79.0,66.0,66.0,41.0
78748,131.0,50.0,111.0,11.0,105.0,90.0,64.0,78.0,53.0
78748,129.0,47.0,101.0,13.0,103.0,77.0,63.0,78.0,39.0
78748,128.0,48.0,98.0,12.0,102.0,77.0,60.0,76.0,43.0
78748,133.0,47.0,106.0,15.0,101.0,86.0,58.0,75.0,54.0
78748,119.0,39.0,94.0,12.0,86.0,78.0,53.0,68.0,43.0
78748,115.0,32.0,91.0,12.0,83.0,75.0,52.0,62.0,44.0
78748,122.0,32.0,94.0,12.0,89.0,79.0,54.0,67.0,47.0
78748,124.0,30.0,94.0,12.0,85.0,80.0,52.0,63.0,50.0
78748,127.0,25.0,100.0,10.0,83.0,83.0,57.0,59.0,50.0
78748,120.0,25.0,92.0,10.0,79.0,83.0,52.0,63.0,47.0
78748,119.0,26.0,89.0,10.0,77.0,82.0,50.0,58.0,51.0
78749,13.0,7.0,17.0,2.5,12.0,13.0,10.0,13.0,2.5
78749,11.0,7.0,17.0,2.5,11.0,14.0,11.0,13.0,2.5
78749,11.0,7.0,17.0,2.5,11.0,14.0,11.0,13.0,2.5
78749,11.0,7.0,17.0,2.5,11.0,14.0,9.0,15.0,2.5
78749,11.0,7.0,17.0,2.5,11.0,14.0,8.0,16.0,2.5
78749,12.0,7.0,18.0,2.5,12.0,14.0,9.0,16.0,2.5
78749,12.75609756097561,6.495934959349594,17.24390243902439,2.5,11.24390243902439,13.747967479674797,8.24390243902439,15.495934959349594,2.5
78749,13.512195121951219,5.991869918699187,16.48780487804878,2.5,10.487804878048781,13.495934959349594,7.487804878048781,14.991869918699187,2.5
78749,14.24390243902439,5.504065040650406,15.75609756097561,2.5,9.75609756097561,13.252032520325203,6.7560975609756095,14.504065040650406,2.5
78749,15.0,5.0,15.0,2.5,9.0,13.0,6.0,14.0,2.5
78749,16.0,5.0,15.0,2.5,10.0,13.0,7.0,14.0,2.5
78749,16.0,5.0,15.0,2.5,10.0,13.0,7.0,14.0,2.5
78749,13.0,9.0,14.0,2.5,13.0,12.0,11.0,13.0,2.5
78749,13.0,9.0,14.0,2.5,13.0,11.0,10.0,12.0,2.5
78749,13.0,9.0,16.0,2.5,13.0,13.0,11.0,13.0,2.5
78749,13.0,9.0,16.0,2.5,12.0,14.0,11.0,14.0,2.5
78749,13.0,9.0,17.0,2.5,12.0,15.0,11.0,14.0,2.5
78749,13.0,9.0,17.0,2.5,12.0,15.0,11.0,14.0,2.5
78749,11.0,5.0,15.0,2.5,10.0,12.0,8.0,12.0,2.5
78749,16.0,5.0,19.0,2.5,11.0,16.0,11.0,12.0,6.0
78749,14.0,6.0,15.0,5.0,9.0,16.0,10.0,13.0,2.5
78749,14.0,6.504065040650406,16.008130081300813,5.0,10.512195121951219,16.252032520325205,9.495934959349594,13.75609756097561,3.886178861788618
78749,14.0,6.991869918699187,16.983739837398375,5.0,11.975609756097562,16.495934959349594,9.008130081300813,14.487804878048781,5.227642276422765
78749,14.0,7.495934959349594,17.991869918699187,5.0,13.487804878048781,16.7479674796748,8.504065040650406,15.24390243902439,6.6138211382113825
78749,14.0,8.0,19.0,5.0,15.0,17.0,8.0,16.0,8.0
78749,16.0,8.0,22.0,5.0,16.0,20.0,10.0,16.0,10.0
78749,17.0,8.0,24.0,2.5,14.0,22.0,10.0,16.0,10.0
78749,18.0,8.0,22.0,2.5,14.0,20.0,9.0,15.0,10.0
78749,19.0,8.0,23.0,2.5,14.0,21.0,8.0,16.0,11.0
78749,15.0,8.0,22.0,2.5,13.0,21.0,8.0,16.0,10.0
78749,13.0,9.0,20.0,2.5,12.0,20.0,10.0,14.0,8.0
78749,15.0,9.0,22.0,2.5,12.0,22.0,10.0,14.0,10.0
78749,14.0,9.0,19.0,2.5,11.0,20.0,9.0,15.0,7.0
78749,13.0,9.0,18.0,5.0,10.0,22.0,12.0,13.0,7.0
78749,13.0,9.0,18.0,5.0,11.0,22.0,12.0,14.0,7.0
78749,13.0,9.0,17.0,5.0,11.0,21.0,10.0,14.0,8.0
78749,11.0,6.0,15.0,5.0,8.0,18.0,10.0,12.0,2.5
78749,12.0,6.0,15.0,5.0,10.0,17.0,10.0,13.0,2.5
78749,10.0,6.0,13.0,5.0,9.0,17.0,8.0,14.0,2.5
78750,13.0,15.0,13.0,2.5,20.0,15.0,9.0,13.0,13.0
78750,12.0,14.0,13.0,2.5,20.0,14.0,9.0,13.0,12.0
78750,13.0,17.0,12.0,2.5,23.0,14.0,10.0,11.0,16.0
78750,14.0,18.0,12.0,2.5,23.0,15.0,10.0,12.0,16.0
78750,13.0,16.0,12.0,2.5,22.0,14.0,10.0,10.0,16.0
78750,12.0,16.0,12.0,2.5,22.0,14.0,9.0,12.0,15.0
78750,11.747967479674797,16.504065040650406,11.495934959349594,3.130081300813008,22.0,14.504065040650406,9.75609756097561,12.75609756097561,13.991869918699187
78750,11.495934959349594,17.008130081300813,10.991869918699187,3.7601626016260163,22.0,15.008130081300813,10.512195121951219,13.512195121951219,12.983739837398375
78750,11.252032520325203,17.495934959349594,10.504065040650406,4.369918699186992,22.0,15.495934959349594,11.24390243902439,14.24390243902439,12.008130081300813
78750,11.0,18.0,10.0,5.0,22.0,16.0,12.0,15.0,11.0
78750,11.0,18.0,10.0,5.0,22.0,16.0,12.0,15.0,11.0
78750,12.0,18.0,14.0,2.5,24.0,17.0,13.0,16.0,12.0
78750,15.0,16.0,15.0,2.5,24.0,17.0,12.0,18.0,11.0
78750,14.0,15.0,12.0,2.5,22.0,15.0,9.0,19.0,9.0
78750,15.0,18.0,12.0,2.5,22.0,19.0,11.0,19.0,11.0
78750,15.0,17.0,12.0,2.5,21.0,19.0,12.0,17.0,11.0
78750,14.0,17.0,12.0,2.5,20.0,19.0,9.0,19.0,11.0
78750,16.0,19.0,15.0,2.5,23.0,20.0,7.0,21.0,15.0
78750,15.0,18.0,16.0,2.5,23.0,19.0,6.0,23.0,13.0
78750,15.0,18.0,18.0,2.5,26.0,19.0,6.0,25.0,14.0
78750,14.0,17.0,14.0,2.5,25.0,15.0,7.0,22.0,11.0
78750,13.24390243902439,17.504065040650406,13.495934959349594,2.5,25.252032520325205,15.252032520325203,7.252032520325203,21.747967479674795,11.504065040650406
78750,12.512195121951219,17.991869918699187,13.008130081300813,2.5,25.495934959349594,15.495934959349594,7.495934959349594,21.504065040650406,11.991869918699187
78750,11.75609756097561,18.495934959349594,12.504065040650406,2.5,25.7479674796748,15.747967479674797,7.747967479674797,21.2520325203252,12.495934959349594
78750,11.0,19.0,12.0,2.5,26.0,16.0,8.0,21.0,13.0
78750,12.0,20.0,12.0,5.0,27.0,16.0,8.0,22.0,13.0
78750,14.0,20.0,12.0,5.0,29.0,15.0,8.0,21.0,15.0
78750,14.0,14.0,14.0,2.5,27.0,10.0,6.0,18.0,13.0
78750,14.0,14.0,13.0,2.5,26.0,10.0,2.5,19.0,13.0
78750,13.0,16.0,13.0,2.5,23.0,13.0,2.5,19.0,13.0
78750,9.0,12.0,9.0,2.5,19.0,9.0,2.5,16.0,9.0
78750,10.0,12.0,10.0,2.5,19.0,10.0,2.5,16.0,10.0
78750,10.0,8.0,10.0,2.5,19.0,6.0,2.5,14.0,8.0
78750,11.0,11.0,11.0,2.5,19.0,8.0,5.0,13.0,9.0
78750,11.0,11.0,11.0,2.5,19.0,8.0,5.0,12.0,10.0
78750,11.0,11.0,11.0,2.5,20.0,8.0,5.0,12.0,11.0
78750,15.0,12.0,14.0,2.5,22.0,11.0,6.0,13.0,14.0
78750,15.0,13.0,14.0,2.5,22.0,12.0,6.0,13.0,15.0
78750,15.0,13.0,14.0,2.5,21.0,15.0,8.0,13.0,15.0
78751,6.0,2.5,7.0,2.5,2.5,7.0,7.0,2.5,2.5
78751,6.0,2.5,7.0,2.5,2.5,7.0,6.0,2.5,2.5
78751,5.0,2.5,6.0,2.5,2.5,7.0,5.0,2.5,2.5
78751,5.0,2.5,7.0,2.5,2.5,8.0,5.0,5.0,2.5
78751,6.0,2.5,7.0,2.5,2.5,7.0,5.0,5.0,2.5
78751,6.0,2.5,7.0,2.5,6.0,7.0,5.0,5.0,2.5
78751,5.117886178861789,2.5,5.865853658536585,2.5,5.117886178861789,6.747967479674797,5.0,4.369918699186992,2.5
78751,4.235772357723577,2.5,4.7317073170731705,2.5,4.235772357723577,6.495934959349594,5.0,3.7398373983739837,2.5
78751,3.382113821138211,2.5,3.6341463414634143,2.5,3.382113821138211,6.252032520325203,5.0,3.130081300813008,2.5
78751,2.5,2.5,2.5,2.5,2.5,6.0,5.0,2.5,2.5
78751,2.5,2.5,2.5,2.5,2.5,5.0,5.0,2.5,2.5
78751,2.5,2.5,2.5,2.5,2.5,5.0,5.0,2.5,2.5
78751,2.5,2.5,2.5,2.5,2.5,5.0,2.5,2.5,2.5
78751,2.5,2.5,2.5,2.5,2.5,5.0,2.5,2.5,2.5
78751,2.5,2.5,2.5,2.5,2.5,5.0,2.5,2.5,2.5
78751,2.5,2.5,2.5,2.5,2.5,5.0,2.5,2.5,2.5
78751,2.5,2.5,2.5,2.5,2.5,2.5,2.5,2.5,2.5
78751,5.0,6.0,6.0,2.5,7.0,7.0,5.0,2.5,5.0
78751,2.5,5.0,5.0,2.5,6.0,6.0,5.0,2.5,2.5
78751,2.5,6.0,5.0,2.5,5.0,8.0,2.5,5.0,2.5
78751,2.5,6.0,2.5,2.5,2.5,8.0,2.5,2.5,2.5
78751,3.6341463414634148,7.008130081300813,3.3821138211382116,2.5,2.5,9.764227642276422,3.130081300813008,3.886178861788618,3.3821138211382116
78751,4.731707317073171,7.983739837398375,4.235772357723578,2.5,2.5,11.471544715447155,3.739837398373984,5.227642276422765,4.235772357723578
78751,5.865853658536586,8.991869918699187,5.117886178861789,2.5,2.5,13.235772357723578,4.369918699186992,6.6138211382113825,5.117886178861789
78751,7.0,10.0,6.0,2.5,2.5,15.0,5.0,8.0,6.0
78751,7.0,8.0,6.0,2.5,2.5,13.0,5.0,7.0,5.0
78751,7.0,8.0,6.0,2.5,2.5,13.0,5.0,7.0,5.0
78751,10.0,8.0,10.0,2.5,9.0,15.0,9.0,10.0,5.0
78751,10.0,8.0,10.0,2.5,7.0,15.0,7.0,10.0,5.0
78751,11.0,8.0,10.0,2.5,8.0,14.0,6.0,10.0,6.0
78751,7.0,2.5,9.0,2.5,8.0,9.0,2.5,8.0,5.0
78751,7.0,2.5,9.0,2.5,8.0,9.0,2.5,8.0,5.0
78751,6.0,2.5,8.0,2.5,6.0,8.0,2.5,7.0,2.5
78751,6.0,2.5,12.0,2.5,11.0,7.0,2.5,10.0,2.5
78751,8.0,2.5,11.0,2.5,11.0,7.0,5.0,9.0,2.5
78751,7.0,2.5,9.0,2.5,9.0,7.0,2.5,8.0,2.5
78751,7.0,2.5,7.0,2.5,6.0,8.0,2.5,6.0,6.0
78751,8.0,2.5,8.0,2.5,7.0,9.0,2.5,6.0,7.0
78751,8.0,2.5,8.0,2.5,7.0,9.0,2.5,5.0,8.0
78752,16.0,20.0,22.0,2.5,24.0,18.0,18.0,16.0,8.0
78752,21.0,21.0,27.0,2.5,25.0,23.0,18.0,21.0,9.0
78752,23.0,22.0,28.0,2.5,25.0,25.0,14.0,25.0,11.0
78752,20.0,24.0,26.0,2.5,24.0,26.0,16.0,23.0,11.0
78752,21.0,24.0,28.0,2.5,24.0,28.0,17.0,24.0,11.0
78752,27.0,30.0,32.0,2.5,30.0,33.0,17.0,29.0,17.0
78752,25.235772357723576,30.252032520325205,30.235772357723576,2.5,29.747967479674795,31.48780487804878,18.008130081300813,27.235772357723576,15.991869918699187
78752,23.471544715447155,30.504065040650406,28.471544715447155,2.5,29.495934959349594,29.975609756097562,19.016260162601625,25.471544715447155,14.983739837398375
78752,21.764227642276424,30.7479674796748,26.764227642276424,2.5,29.2520325203252,28.51219512195122,19.991869918699187,23.764227642276424,14.008130081300813
78752,20.0,31.0,25.0,2.5,29.0,27.0,21.0,22.0,13.0
78752,22.0,29.0,28.0,2.5,31.0,28.0,25.0,23.0,11.0
78752,23.0,27.0,28.0,2.5,31.0,28.0,26.0,22.0,11.0
78752,21.0,25.0,26.0,2.5,30.0,25.0,25.0,21.0,9.0
78752,21.0,26.0,26.0,2.5,30.0,26.0,24.0,22.0,10.0
78752,21.0,25.0,27.0,2.5,31.0,25.0,23.0,23.0,10.0
78752,21.0,25.0,27.0,2.5,31.0,25.0,22.0,24.0,10.0
78752,23.0,23.0,29.0,2.5,32.0,25.0,22.0,21.0,14.0
78752,18.0,23.0,24.0,2.5,30.0,23.0,20.0,20.0,13.0
78752,17.0,24.0,23.0,2.5,29.0,24.0,19.0,20.0,14.0
78752,21.0,24.0,26.0,2.5,30.0,26.0,18.0,23.0,15.0
78752,19.0,26.0,21.0,2.5,28.0,27.0,20.0,23.0,12.0
78752,21.016260162601625,27.51219512195122,22.008130081300813,2.5,29.008130081300813,28.764227642276424,21.764227642276424,23.75609756097561,12.504065040650406
78752,22.96747967479675,28.975609756097562,22.983739837398375,2.5,29.983739837398375,30.471544715447155,23.471544715447155,24.48780487804878,12.991869918699187
78752,24.983739837398375,30.48780487804878,23.991869918699187,2.5,30.991869918699187,32.235772357723576,25.235772357723576,25.24390243902439,13.495934959349594
78752,27.0,32.0,25.0,2.5,32.0,34.0,27.0,26.0,14.0
78752,23.0,31.0,20.0,2.5,30.0,31.0,26.0,23.0,13.0
78752,23.0,32.0,20.0,2.5,30.0,32.0,27.0,23.0,13.0
78752,26.0,38.0,22.0,2.5,31.0,38.0,28.0,25.0,16.0
78752,26.0,39.0,22.0,2.5,32.0,38.0,25.0,27.0,18.0
78752,25.0,41.0,20.0,2.5,34.0,40.0,27.0,27.0,20.0
78752,19.0,29.0,14.0,2.5,26.0,28.0,21.0,22.0,11.0
78752,20.0,31.0,15.0,2.5,26.0,31.0,20.0,23.0,14.0
78752,18.0,30.0,14.0,2.5,26.0,30.0,22.0,23.0,11.0
78752,14.0,19.0,13.0,2.5,21.0,22.0,16.0,15.0,12.0
78752,14.0,19.0,13.0,2.5,21.0,22.0,15.0,16.0,12.0
78752,14.0,16.0,14.0,2.5,19.0,22.0,14.0,17.0,10.0
78752,17.0,12.0,18.0,2.5,20.0,21.0,12.0,20.0,9.0
78752,16.0,12.0,17.0,2.5,19.0,20.0,11.0,19.0,9.0
78752,16.0,12.0,16.0,2.5,19.0,22.0,11.0,19.0,11.0
78753,84.0,102.0,83.0,6.0,97.0,105.0,55.0,90.0,59.0
78753,83.0,98.0,83.0,7.0,95.0,106.0,59.0,87.0,55.0
78753,91.0,105.0,88.0,7.0,101.0,113.0,56.0,98.0,60.0
78753,100.0,104.0,94.0,8.0,100.0,121.0,65.0,94.0,62.0
78753,104.0,110.0,98.0,8.0,103.0,128.0,63.0,101.0,67.0
78753,106.0,118.0,98.0,9.0,110.0,132.0,67.0,106.0,69.0
78753,103.98373983739837,112.95934959349593,95.73170731707317,7.361788617886178,105.46341463414635,127.21138211382114,62.96747967479675,100.20325203252033,69.5040650406504
78753,101.96747967479675,107.91869918699187,93.46341463414635,5.723577235772357,100.92682926829268,122.42276422764228,58.9349593495935,94.40650406504065,70.00813008130082
78753,100.01626016260163,103.04065040650406,91.26829268292683,4.138211382113821,96.53658536585365,117.78861788617886,55.03252032520325,88.79674796747967,70.4959349593496
78753,98.0,98.0,89.0,2.5,92.0,113.0,51.0,83.0,71.0
78753,93.0,98.0,86.0,2.5,94.0,110.0,52.0,83.0,69.0
78753,89.0,97.0,81.0,5.0,95.0,107.0,52.0,80.0,70.0
78753,75.0,105.0,71.0,6.0,94.0,106.0,51.0,80.0,69.0
78753,73.0,105.0,69.0,6.0,94.0,103.0,52.0,75.0,70.0
78753,85.0,108.0,81.0,7.0,104.0,110.0,60.0,80.0,74.0
78753,83.0,106.0,79.0,6.0,102.0,107.0,57.0,80.0,72.0
78753,87.0,110.0,84.0,8.0,113.0,110.0,67.0,81.0,75.0
78753,88.0,124.0,82.0,9.0,111.0,119.0,69.0,90.0,71.0
78753,87.0,106.0,80.0,10.0,100.0,112.0,64.0,85.0,63.0
78753,100.0,118.0,93.0,13.0,111.0,134.0,71.0,93.0,81.0
78753,97.0,113.0,88.0,12.0,101.0,133.0,76.0,84.0,74.0
78753,99.26829268292683,116.02439024390245,88.0,14.520325203252032,105.28455284552845,134.5121951219512,78.77235772357723,84.7560975609756,76.77235772357723
78753,101.46341463414635,118.95121951219512,88.0,16.959349593495936,109.4308943089431,135.97560975609755,81.45528455284553,85.48780487804878,79.45528455284553
78753,103.73170731707317,121.97560975609755,88.0,19.479674796747968,113.71544715447155,137.4878048780488,84.22764227642277,86.2439024390244,82.22764227642277
78753,106.0,125.0,88.0,22.0,118.0,139.0,87.0,87.0,85.0
78753,113.0,125.0,93.0,23.0,126.0,138.0,88.0,93.0,83.0
78753,116.0,127.0,98.0,25.0,136.0,138.0,91.0,99.0,84.0
78753,123.0,137.0,103.0,21.0,144.0,147.0,99.0,108.0,84.0
78753,127.0,144.0,107.0,21.0,151.0,150.0,103.0,109.0,89.0
78753,121.0,135.0,102.0,20.0,144.0,138.0,98.0,106.0,78.0
78753,99.0,144.0,85.0,19.0,141.0,134.0,96.0,111.0,68.0
78753,106.0,152.0,90.0,19.0,146.0,140.0,92.0,117.0,77.0
78753,102.0,133.0,87.0,19.0,135.0,128.0,85.0,113.0,65.0
78753,96.0,140.0,84.0,13.0,127.0,132.0,77.0,113.0,69.0
78753,96.0,142.0,83.0,13.0,127.0,133.0,75.0,114.0,71.0
78753,97.0,144.0,82.0,15.0,128.0,135.0,74.0,117.0,72.0
78753,97.0,137.0,83.0,18.0,127.0,132.0,78.0,111.0,70.0
78753,97.0,132.0,82.0,18.0,125.0,129.0,72.0,111.0,71.0
78753,96.0,132.0,79.0,17.0,119.0,128.0,73.0,103.0,71.0
78754,24.0,59.0,20.0,2.5,38.0,43.0,26.0,36.0,19.0
78754,23.0,57.0,20.0,2.5,39.0,40.0,22.0,38.0,19.0
78754,25.0,63.0,22.0,2.5,42.0,45.0,23.0,44.0,20.0
78754,29.0,62.0,26.0,2.5,44.0,46.0,25.0,47.0,18.0
78754,28.0,68.0,25.0,2.5,47.0,48.0,24.0,51.0,20.0
78754,24.0,63.0,23.0,2.5,42.0,46.0,22.0,45.0,21.0
78754,25.764227642276424,62.49593495934959,24.008130081300813,2.5,41.7479674796748,47.51219512195122,24.520325203252032,43.99186991869919,20.747967479674795
78754,27.528455284552845,61.99186991869919,25.016260162601625,2.5,41.49593495934959,49.02439024390244,27.040650406504064,42.983739837398375,20.495934959349594
78754,29.235772357723576,61.5040650406504,25.991869918699187,2.5,41.2520325203252,50.48780487804878,29.479674796747968,42.00813008130081,20.2520325203252
78754,31.0,61.0,27.0,2.5,41.0,52.0,32.0,41.0,20.0
78754,33.0,56.0,29.0,2.5,40.0,50.0,30.0,39.0,21.0
78754,35.0,61.0,33.0,2.5,43.0,56.0,34.0,42.0,23.0
78754,41.0,60.0,38.0,2.5,49.0,55.0,36.0,41.0,27.0
78754,41.0,59.0,38.0,2.5,49.0,55.0,37.0,41.0,26.0
78754,46.0,53.0,43.0,2.5,49.0,55.0,35.0,41.0,28.0
78754,48.0,52.0,45.0,2.5,50.0,55.0,32.0,44.0,29.0
78754,52.0,55.0,49.0,2.5,55.0,59.0,31.0,48.0,35.0
78754,51.0,61.0,50.0,2.5,59.0,61.0,35.0,49.0,36.0
78754,51.0,60.0,50.0,2.5,59.0,63.0,36.0,49.0,37.0
78754,52.0,66.0,47.0,2.5,58.0,67.0,39.0,52.0,34.0
78754,45.0,56.0,41.0,6.0,50.0,60.0,39.0,46.0,25.0
78754,45.50406504065041,56.75609756097561,41.75609756097561,6.0,52.77235772357724,60.2520325203252,40.51219512195122,46.2520325203252,26.260162601626018
78754,45.99186991869919,57.48780487804878,42.48780487804878,6.0,55.45528455284553,60.49593495934959,41.97560975609756,46.49593495934959,27.479674796747968
78754,46.4959349593496,58.24390243902439,43.24390243902439,6.0,58.22764227642276,60.7479674796748,43.48780487804878,46.7479674796748,28.739837398373986
78754,47.0,59.0,44.0,6.0,61.0,61.0,45.0,47.0,30.0
78754,48.0,62.0,44.0,6.0,63.0,63.0,44.0,52.0,30.0
78754,48.0,63.0,41.0,8.0,67.0,60.0,41.0,53.0,33.0
78754,46.0,62.0,39.0,2.5,65.0,58.0,40.0,52.0,31.0
78754,47.0,63.0,40.0,2.5,67.0,59.0,38.0,55.0,33.0
78754,44.0,64.0,36.0,2.5,66.0,55.0,41.0,54.0,26.0
78754,46.0,58.0,46.0,2.5,67.0,56.0,41.0,54.0,28.0
78754,48.0,62.0,47.0,2.5,68.0,58.0,39.0,53.0,34.0
78754,44.0,58.0,41.0,2.5,60.0,56.0,37.0,49.0,30.0
78754,47.0,64.0,45.0,2.5,65.0,59.0,42.0,50.0,32.0
78754,49.0,66.0,45.0,2.5,70.0,62.0,46.0,53.0,33.0
78754,49.0,62.0,45.0,2.5,68.0,60.0,44.0,51.0,33.0
78754,44.0,55.0,38.0,2.5,63.0,53.0,38.0,47.0,31.0
78754,43.0,56.0,36.0,2.5,62.0,53.0,34.0,50.0,31.0
78754,41.0,56.0,34.0,2.5,61.0,52.0,35.0,47.0,31.0
78757,11.0,9.0,14.0,2.5,16.0,7.0,7.0,8.0,8.0
78757,14.0,9.0,17.0,2.5,18.0,8.0,7.0,8.0,11.0
78757,15.0,9.0,19.0,2.5,20.0,9.0,8.0,7.0,14.0
78757,15.0,9.0,19.0,2.5,20.0,9.0,7.0,7.0,15.0
78757,16.0,9.0,22.0,2.5,23.0,9.0,10.0,7.0,15.0
78757,16.0,8.0,22.0,2.5,22.0,9.0,9.0,7.0,15.0
78757,15.495934959349594,8.252032520325203,20.991869918699187,2.5,21.24390243902439,9.0,9.252032520325203,7.0,13.991869918699187
78757,14.991869918699187,8.504065040650406,19.983739837398375,2.5,20.48780487804878,9.0,9.504065040650406,7.0,12.983739837398375
78757,14.504065040650406,8.747967479674797,19.008130081300813,2.5,19.75609756097561,9.0,9.747967479674797,7.0,12.008130081300813
78757,14.0,9.0,18.0,2.5,19.0,9.0,10.0,7.0,11.0
78757,14.0,9.0,19.0,2.5,19.0,10.0,10.0,8.0,11.0
78757,15.0,10.0,19.0,2.5,20.0,10.0,10.0,9.0,11.0
78757,15.0,10.0,18.0,2.5,19.0,10.0,9.0,7.0,13.0
78757,16.0,10.0,18.0,2.5,19.0,10.0,10.0,6.0,13.0
78757,17.0,12.0,19.0,2.5,23.0,11.0,11.0,9.0,14.0
78757,16.0,12.0,18.0,2.5,22.0,11.0,10.0,10.0,13.0
78757,17.0,12.0,19.0,2.5,22.0,11.0,10.0,10.0,13.0
78757,16.0,12.0,18.0,2.5,22.0,10.0,9.0,10.0,13.0
78757,16.0,12.0,18.0,2.5,21.0,11.0,9.0,11.0,12.0
78757,16.0,12.0,19.0,2.5,21.0,14.0,10.0,13.0,12.0
78757,17.0,11.0,19.0,2.5,22.0,12.0,10.0,12.0,12.0
78757,15.991869918699187,9.487804878048781,16.983739837398375,2.5,20.48780487804878,11.24390243902439,9.747967479674797,11.495934959349594,10.487804878048781
78757,15.016260162601625,8.024390243902438,15.03252032520325,2.5,19.024390243902438,10.512195121951219,9.504065040650406,11.008130081300813,9.024390243902438
78757,14.008130081300813,6.512195121951219,13.016260162601625,2.5,17.51219512195122,9.75609756097561,9.252032520325203,10.504065040650406,7.512195121951219
78757,13.0,5.0,11.0,2.5,16.0,9.0,9.0,10.0,6.0
78757,13.0,5.0,11.0,2.5,16.0,9.0,8.0,11.0,6.0
78757,13.0,5.0,11.0,2.5,16.0,9.0,7.0,12.0,6.0
78757,17.0,2.5,16.0,2.5,16.0,10.0,8.0,13.0,5.0
78757,17.0,2.5,16.0,2.5,15.0,10.0,8.0,12.0,5.0
78757,17.0,2.5,16.0,2.5,16.0,10.0,8.0,11.0,7.0
78757,15.0,2.5,12.0,2.5,14.0,9.0,6.0,11.0,6.0
78757,15.0,2.5,11.0,2.5,14.0,8.0,6.0,10.0,6.0
78757,13.0,2.5,8.0,2.5,13.0,6.0,5.0,9.0,5.0
78757,10.0,2.5,6.0,2.5,11.0,5.0,5.0,7.0,2.5
78757,9.0,2.5,6.0,2.5,10.0,5.0,2.5,8.0,2.5
78757,9.0,2.5,6.0,2.5,10.0,2.5,2.5,8.0,2.5
78757,9.0,2.5,6.0,2.5,10.0,2.5,2.5,8.0,2.5
78757,9.0,2.5,7.0,2.5,10.0,2.5,2.5,9.0,2.5
78757,9.0,2.5,7.0,2.5,10.0,2.5,2.5,9.0,2.5
78758,52.0,41.0,63.0,5.0,59.0,55.0,34.0,49.0,31.0
78758,55.0,40.0,67.0,5.0,62.0,57.0,36.0,49.0,34.0
78758,61.0,43.0,73.0,5.0,69.0,62.0,45.0,51.0,35.0
78758,53.0,46.0,64.0,5.0,65.0,62.0,44.0,50.0,33.0
78758,55.0,48.0,63.0,5.0,69.0,60.0,42.0,50.0,37.0
78758,53.0,45.0,64.0,8.0,68.0,64.0,44.0,53.0,35.0
78758,52.24390243902439,43.739837398373986,64.0,8.252032520325203,67.2439024390244,62.99186991869919,41.983739837398375,54.00813008130081,34.24390243902439
78758,51.48780487804878,42.479674796747965,64.0,8.504065040650406,66.48780487804878,61.983739837398375,39.96747967479675,55.016260162601625,33.48780487804878
78758,50.75609756097561,41.260162601626014,64.0,8.747967479674797,65.7560975609756,61.00813008130081,38.016260162601625,55.99186991869919,32.75609756097561
78758,50.0,40.0,64.0,9.0,65.0,60.0,36.0,57.0,32.0
78758,48.0,40.0,62.0,9.0,63.0,60.0,34.0,55.0,34.0
78758,46.0,39.0,61.0,8.0,64.0,57.0,31.0,58.0,32.0
78758,48.0,40.0,55.0,11.0,61.0,59.0,31.0,59.0,30.0
78758,50.0,44.0,52.0,9.0,62.0,57.0,27.0,59.0,33.0
78758,56.0,45.0,57.0,9.0,65.0,60.0,31.0,61.0,33.0
78758,54.0,43.0,54.0,10.0,63.0,57.0,29.0,60.0,31.0
78758,57.0,45.0,60.0,11.0,66.0,62.0,34.0,58.0,36.0
78758,65.0,48.0,63.0,9.0,66.0,69.0,34.0,61.0,40.0
78758,66.0,48.0,57.0,9.0,65.0,66.0,37.0,54.0,40.0
78758,72.0,49.0,60.0,9.0,65.0,70.0,41.0,55.0,39.0
78758,66.0,44.0,55.0,9.0,61.0,65.0,38.0,56.0,32.0
78758,68.52032520325203,45.00813008130081,57.016260162601625,9.504065040650406,63.77235772357724,67.01626016260163,40.26829268292683,57.260162601626014,33.260162601626014
78758,70.95934959349593,45.983739837398375,58.96747967479675,9.991869918699187,66.45528455284553,68.96747967479675,42.46341463414634,58.479674796747965,34.479674796747965
78758,73.47967479674797,46.99186991869919,60.983739837398375,10.495934959349594,69.22764227642277,70.98373983739837,44.73170731707317,59.739837398373986,35.739837398373986
78758,76.0,48.0,63.0,11.0,72.0,73.0,47.0,61.0,37.0
78758,87.0,47.0,65.0,10.0,72.0,76.0,49.0,64.0,35.0
78758,89.0,53.0,66.0,11.0,80.0,76.0,52.0,65.0,39.0
78758,82.0,47.0,64.0,9.0,70.0,72.0,46.0,59.0,37.0
78758,86.0,50.0,70.0,9.0,72.0,78.0,45.0,60.0,45.0
78758,77.0,50.0,63.0,9.0,71.0,70.0,40.0,60.0,41.0
78758,68.0,43.0,54.0,11.0,66.0,60.0,37.0,55.0,34.0
78758,81.0,43.0,63.0,12.0,70.0,71.0,39.0,60.0,42.0
78758,79.0,39.0,62.0,11.0,69.0,65.0,40.0,54.0,40.0
78758,70.0,38.0,54.0,11.0,63.0,61.0,37.0,50.0,37.0
78758,63.0,40.0,48.0,10.0,59.0,57.0,34.0,49.0,33.0
78758,63.0,45.0,48.0,9.0,60.0,59.0,32.0,51.0,36.0
78758,54.0,35.0,47.0,2.5,45.0,55.0,26.0,46.0,28.0
78758,53.0,33.0,44.0,2.5,42.0,54.0,23.0,44.0,29.0
78758,52.0,35.0,43.0,2.5,44.0,54.0,21.0,45.0,32.0
78759,19.0,11.0,19.0,2.5,22.0,15.0,8.0,22.0,7.0
78759,18.0,10.0,19.0,2.5,21.0,15.0,8.0,22.0,6.0
78759,20.0,13.0,20.0,2.5,24.0,16.0,11.0,23.0,6.0
78759,20.0,15.0,17.0,2.5,23.0,16.0,11.0,21.0,7.0
78759,21.0,15.0,20.0,2.5,24.0,19.0,15.0,21.0,7.0
78759,20.0,17.0,20.0,5.0,24.0,23.0,14.0,23.0,10.0
78759,19.24390243902439,17.504065040650406,19.24390243902439,4.369918699186992,23.495934959349594,22.24390243902439,12.991869918699187,23.252032520325205,9.495934959349594
78759,18.48780487804878,18.008130081300813,18.48780487804878,3.7398373983739837,22.991869918699187,21.48780487804878,11.983739837398375,23.504065040650406,8.991869918699187
78759,17.75609756097561,18.495934959349594,17.75609756097561,3.130081300813008,22.504065040650406,20.75609756097561,11.008130081300813,23.7479674796748,8.504065040650406
78759,17.0,19.0,17.0,2.5,22.0,20.0,10.0,24.0,8.0
78759,14.0,18.0,15.0,2.5,19.0,21.0,10.0,21.0,9.0
78759,14.0,18.0,16.0,2.5,19.0,22.0,10.0,22.0,9.0
78759,17.0,19.0,18.0,7.0,21.0,25.0,9.0,26.0,11.0
78759,17.0,18.0,17.0,7.0,21.0,23.0,9.0,26.0,9.0
78759,17.0,18.0,17.0,7.0,21.0,23.0,8.0,27.0,9.0
78759,15.0,18.0,15.0,7.0,19.0,23.0,8.0,26.0,8.0
78759,15.0,18.0,18.0,7.0,22.0,23.0,8.0,28.0,9.0
78759,16.0,16.0,20.0,6.0,21.0,24.0,9.0,23.0,13.0
78759,16.0,14.0,20.0,5.0,20.0,23.0,10.0,22.0,11.0
78759,16.0,15.0,21.0,5.0,21.0,24.0,10.0,24.0,11.0
78759,14.0,16.0,19.0,5.0,20.0,23.0,11.0,21.0,11.0
78759,13.495934959349594,16.252032520325205,20.260162601626018,4.369918699186992,20.0,24.008130081300813,12.764227642276422,19.739837398373982,11.504065040650406
78759,13.008130081300813,16.495934959349594,21.479674796747968,3.760162601626016,20.0,24.983739837398375,14.471544715447155,18.520325203252032,11.991869918699187
78759,12.504065040650406,16.7479674796748,22.739837398373986,3.130081300813008,20.0,25.991869918699187,16.235772357723576,17.260162601626014,12.495934959349594
78759,12.0,17.0,24.0,2.5,20.0,27.0,18.0,16.0,13.0
78759,12.0,18.0,23.0,2.5,20.0,25.0,17.0,15.0,13.0
78759,12.0,18.0,25.0,2.5,22.0,27.0,18.0,16.0,15.0
78759,14.0,15.0,24.0,2.5,20.0,28.0,15.0,18.0,15.0
78759,15.0,17.0,25.0,2.5,22.0,30.0,15.0,20.0,17.0
78759,15.0,14.0,26.0,2.5,21.0,27.0,13.0,18.0,17.0
78759,14.0,16.0,24.0,2.5,23.0,22.0,15.0,16.0,14.0
78759,14.0,16.0,25.0,2.5,23.0,23.0,14.0,18.0,14.0
78759,14.0,16.0,23.0,2.5,22.0,23.0,13.0,18.0,14.0
78759,16.0,14.0,25.0,2.5,23.0,22.0,13.0,17.0,15.0
78759,16.0,15.0,25.0,2.5,23.0,22.0,13.0,16.0,16.0
78759,16.0,14.0,25.0,2.5,23.0,21.0,13.0,15.0,16.0
78759,20.0,14.0,25.0,2.5,23.0,22.0,14.0,16.0,15.0
78759,20.0,12.0,25.0,2.5,23.0,20.0,14.0,16.0,13.0
78759,18.0,11.0,24.0,2.5,23.0,20.0,12.0,17.0,14.0
