Reporting_Date,ZIPCode,ReasonCC_Emp,AvgFamilySize,AvgMonthlyIncome,SingleParent,FamilyHomeless,PrimLang_1
2021-01-31,78702,35.0,3.0,2057.0,42.0,2.5,43.0
2021-02-28,78702,33.0,3.0,2086.0,39.0,2.5,40.0
2021-03-31,78702,37.0,3.0,2069.0,44.0,2.5,46.0
2021-04-30,78702,37.0,3.0,1968.0,47.0,2.5,48.0
2021-05-31,78702,42.0,3.0,2048.0,52.0,2.5,52.0
2021-06-30,78702,43.0,3.0,1976.0,55.0,2.5,56.0
2021-07-31,78702,41.48780487804878,3.0,1965.4146341463415,53.48780487804878,2.5,54.739837398373986
2021-08-31,78702,39.97560975609756,3.0,1954.8292682926829,51.97560975609756,2.5,53.479674796747965
2021-09-30,78702,38.51219512195122,3.0,1944.5853658536585,50.51219512195122,2.5,52.260162601626014
2021-10-31,78702,37.0,3.0,1934.0,49.0,2.5,51.0
2021-11-30,78702,38.0,3.0,1936.0,50.0,2.5,52.0
2021-12-31,78702,37.0,3.0,2058.0,50.0,2.5,51.0
2022-01-31,78702,40.0,3.0,2153.0,54.0,2.5,55.0
2022-02-28,78702,41.0,3.0,2146.0,55.0,2.5,56.0
2022-03-31,78702,41.0,3.0,2150.0,55.0,2.5,55.0
2022-04-30,78702,41.0,3.0,2106.0,54.0,2.5,54.0
2022-05-31,78702,45.0,3.0,2109.0,58.0,2.5,58.0
2022-06-30,78702,39.0,3.0,1831.0,54.0,2.5,54.0
2022-07-31,78702,38.0,3.0,2043.0,49.0,6.0,49.0
2022-08-31,78702,39.0,3.0,2044.0,49.0,6.0,49.0
2022-09-30,78702,36.0,3.0,2114.0,47.0,5.0,47.0
2022-10-31,78702,37.00813008130081,3.0,2018.7317073170732,50.02439024390244,6.512195121951219,49.77235772357724
2022-11-30,78702,37.983739837398375,3.0,1926.5365853658536,52.951219512195124,7.975609756097561,52.45528455284553
2022-12-31,78702,38.99186991869919,3.0,1831.2682926829268,55.97560975609756,9.487804878048781,55.22764227642276
2023-01-31,78702,40.0,3.0,1736.0,59.0,11.0,58.0
2023-02-28,78702,42.0,3.0,1668.0,62.0,11.0,61.0
2023-03-31,78702,39.0,3.0,1626.0,61.0,12.0,60.0
2023-04-30,78702,43.0,3.0,1583.0,67.0,14.0,66.0
2023-05-31,78702,44.0,3.0,1645.0,70.0,14.0,69.0
2023-06-30,78702,42.0,3.0,1615.0,68.0,14.0,67.0
2023-07-31,78702,40.0,3.0,1569.0,66.0,15.0,66.0
2023-08-31,78702,39.0,3.0,1541.0,66.0,14.0,66.0
2023-09-30,78702,37.0,3.0,1594.0,61.0,12.0,62.0
2023-10-31,78702,36.0,3.0,1671.0,57.0,9.0,57.0
2023-11-30,78702,38.0,3.0,1875.0,58.0,9.0,58.0
2023-12-31,78702,37.0,3.0,1900.0,56.0,9.0,56.0
2024-01-31,78702,39.0,4.0,1796.0,58.0,9.0,58.0
2024-02-29,78702,39.0,4.0,1814.0,58.0,9.0,58.0
2024-03-31,78702,39.0,4.0,1929.0,57.0,8.0,56.0
2021-01-31,78703,2.5,2.0,3198.0,2.5,2.5,2.5
2021-02-28,78703,2.5,2.0,3198.0,2.5,2.5,2.5
2021-03-31,78703,2.5,2.0,3198.0,2.5,2.5,2.5
2021-04-30,78703,2.5,2.0,3198.0,2.5,2.5,2.5
2021-05-31,78703,2.5,2.0,3198.0,2.5,2.5,2.5
2021-06-30,78703,2.5,2.0,3198.0,2.5,2.5,2.5
2021-07-31,78703,2.5,2.0,3337.121951219512,2.5,2.5,2.5
2021-08-31,78703,2.5,2.0,3476.243902439024,2.5,2.5,2.5
2021-09-30,78703,2.5,2.0,3610.878048780488,2.5,2.5,2.5
2021-10-31,78703,2.5,2.0,3750.0,2.5,2.5,2.5
2021-11-30,78703,2.5,2.0,3750.0,2.5,2.5,2.5
2021-12-31,78703,2.5,2.0,3750.0,2.5,2.5,2.5
2022-01-31,78703,2.5,2.0,3750.0,2.5,2.5,2.5
2022-02-28,78703,2.5,2.0,3750.0,2.5,2.5,2.5
2022-03-31,78703,2.5,2.0,3750.0,2.5,2.5,2.5
2022-04-30,78703,2.5,2.0,3750.0,2.5,2.5,2.5
2022-05-31,78703,2.5,4.0,4471.0,2.5,2.5,2.5
2022-06-30,78703,2.5,4.0,4471.0,2.5,2.5,2.5
2022-07-31,78703,2.5,4.0,4471.0,2.5,2.5,2.5
2022-08-31,78703,2.5,4.0,4471.0,2.5,2.5,2.5
2022-09-30,78703,2.5,4.0,4555.0,2.5,2.5,2.5
2022-10-31,78703,2.5,4.0,4555.0,2.5,2.5,2.5
2022-11-30,78703,2.5,4.0,4555.0,2.5,2.5,2.5
2022-12-31,78703,2.5,4.0,4555.0,2.5,2.5,2.5
2023-01-31,78703,2.5,4.0,4555.0,2.5,2.5,2.5
2023-02-28,78703,2.5,4.0,4555.0,2.5,2.5,2.5
2023-03-31,78703,2.5,4.0,4555.0,2.5,2.5,2.5
2023-04-30,78703,2.5,4.0,4555.0,2.5,2.5,2.5
2023-05-31,78703,2.5,4.0,4517.0,2.5,2.5,2.5
2023-06-30,78703,2.5,4.0,4517.0,2.5,2.5,2.5
2023-07-31,78703,2.5,4.0,4517.0,2.5,2.5,2.5
2023-08-31,78703,2.5,3.0,4522.0,2.5,2.5,2.5
2023-09-30,78703,2.5,3.0,4522.0,2.5,2.5,2.5
2023-10-31,78703,2.5,4.0,5126.0,2.5,2.5,2.5
2023-11-30,78703,2.5,4.0,5126.0,2.5,2.5,2.5
2023-12-31,78703,2.5,4.0,5126.0,2.5,2.5,2.5
2024-01-31,78703,2.5,4.0,4429.0,2.5,2.5,2.5
2024-02-29,78703,2.5,4.0,4429.0,2.5,2.5,2.5
2024-03-31,78703,2.5,4.0,4429.0,2.5,2.5,2.5
2021-01-31,78704,27.0,3.0,2110.0,34.0,2.5,34.0
2021-02-28,78704,26.0,3.0,2151.0,32.0,2.5,32.0
2021-03-31,78704,28.0,3.0,2243.0,33.0,2.5,34.0
2021-04-30,78704,32.0,3.0,2203.0,38.0,2.5,40.0
2021-05-31,78704,36.0,3.0,2283.0,41.0,2.5,42.0
2021-06-30,78704,36.0,3.0,2208.0,43.0,2.5,44.0
2021-07-31,78704,35.49593495934959,3.0,2188.5934959349593,43.50406504065041,2.5,44.2520325203252
2021-08-31,78704,34.99186991869919,3.0,2169.1869918699185,44.00813008130081,2.5,44.50406504065041
2021-09-30,78704,34.5040650406504,3.0,2150.4065040650407,44.4959349593496,2.5,44.7479674796748
2021-10-31,78704,34.0,3.0,2131.0,45.0,2.5,45.0
2021-11-30,78704,35.0,3.0,2124.0,45.0,2.5,45.0
2021-12-31,78704,34.0,3.0,2185.0,44.0,2.5,44.0
2022-01-31,78704,39.0,4.0,2132.0,48.0,2.5,49.0
2022-02-28,78704,40.0,4.0,2145.0,48.0,2.5,49.0
2022-03-31,78704,39.0,4.0,2059.0,50.0,2.5,51.0
2022-04-30,78704,38.0,3.0,2004.0,50.0,2.5,49.0
2022-05-31,78704,39.0,3.0,2023.0,50.0,2.5,49.0
2022-06-30,78704,37.0,3.0,1991.0,49.0,2.5,48.0
2022-07-31,78704,37.0,3.0,1977.0,50.0,5.0,49.0
2022-08-31,78704,42.0,3.0,2104.0,53.0,2.5,52.0
2022-09-30,78704,40.0,3.0,2206.0,49.0,2.5,48.0
2022-10-31,78704,39.24390243902439,3.0,2199.951219512195,47.99186991869919,2.5,46.99186991869919
2022-11-30,78704,38.51219512195122,3.0,2194.0975609756097,47.016260162601625,2.5,46.016260162601625
2022-12-31,78704,37.75609756097561,3.0,2188.048780487805,46.00813008130081,2.5,45.00813008130081
2023-01-31,78704,37.0,3.0,2182.0,45.0,2.5,44.0
2023-02-28,78704,40.0,3.0,2147.0,49.0,2.5,48.0
2023-03-31,78704,40.0,3.0,2487.0,46.0,2.5,48.0
2023-04-30,78704,38.0,3.0,2468.0,43.0,2.5,45.0
2023-05-31,78704,40.0,3.0,2573.0,47.0,2.5,48.0
2023-06-30,78704,38.0,3.0,2453.0,48.0,2.5,48.0
2023-07-31,78704,33.0,3.0,2266.0,44.0,5.0,45.0
2023-08-31,78704,32.0,3.0,2202.0,46.0,6.0,47.0
2023-09-30,78704,29.0,3.0,2238.0,43.0,5.0,44.0
2023-10-31,78704,32.0,3.0,2238.0,45.0,5.0,47.0
2023-11-30,78704,33.0,3.0,2232.0,47.0,6.0,49.0
2023-12-31,78704,32.0,3.0,2232.0,47.0,7.0,49.0
2024-01-31,78704,32.0,3.0,2188.0,46.0,6.0,48.0
2024-02-29,78704,31.0,3.0,2284.0,44.0,6.0,46.0
2024-03-31,78704,31.0,3.0,2348.0,43.0,2.5,44.0
2021-01-31,78717,8.0,3.0,2436.0,9.0,2.5,7.0
2021-02-28,78717,8.0,3.0,2204.0,9.0,2.5,8.0
2021-03-31,78717,8.0,3.0,2008.0,9.0,2.5,9.0
2021-04-30,78717,8.0,3.0,2231.0,8.0,2.5,8.0
2021-05-31,78717,7.0,3.0,2023.0,7.0,2.5,7.0
2021-06-30,78717,7.0,2.0,2148.0,7.0,2.5,7.0
2021-07-31,78717,5.865853658536585,2.252032520325203,2100.869918699187,6.747967479674797,2.5,6.747967479674797
2021-08-31,78717,4.7317073170731705,2.5040650406504064,2053.7398373983738,6.495934959349594,2.5,6.495934959349594
2021-09-30,78717,3.6341463414634143,2.747967479674797,2008.130081300813,6.252032520325203,2.5,6.252032520325203
2021-10-31,78717,2.5,3.0,1961.0,6.0,2.5,6.0
2021-11-30,78717,2.5,3.0,1744.0,6.0,2.5,6.0
2021-12-31,78717,2.5,3.0,1744.0,6.0,2.5,6.0
2022-01-31,78717,2.5,3.0,2016.0,6.0,2.5,6.0
2022-02-28,78717,5.0,3.0,1681.0,7.0,2.5,8.0
2022-03-31,78717,5.0,3.0,1681.0,7.0,2.5,8.0
2022-04-30,78717,5.0,3.0,2113.0,8.0,2.5,8.0
2022-05-31,78717,5.0,3.0,2113.0,8.0,2.5,8.0
2022-06-30,78717,6.0,4.0,3347.0,5.0,2.5,7.0
2022-07-31,78717,8.0,4.0,3459.0,7.0,2.5,9.0
2022-08-31,78717,10.0,4.0,3223.0,10.0,2.5,12.0
2022-09-30,78717,10.0,4.0,3223.0,10.0,2.5,12.0
2022-10-31,78717,10.75609756097561,3.747967479674797,3163.268292682927,10.75609756097561,2.5,12.504065040650406
2022-11-30,78717,11.487804878048781,3.5040650406504064,3105.4634146341464,11.487804878048781,2.5,12.991869918699187
2022-12-31,78717,12.24390243902439,3.252032520325203,3045.731707317073,12.24390243902439,2.5,13.495934959349594
2023-01-31,78717,13.0,3.0,2986.0,13.0,2.5,14.0
2023-02-28,78717,13.0,3.0,3048.0,13.0,2.5,14.0
2023-03-31,78717,15.0,3.0,3269.0,15.0,2.5,16.0
2023-04-30,78717,14.0,3.0,3119.0,15.0,2.5,15.0
2023-05-31,78717,15.0,3.0,2991.0,17.0,2.5,17.0
2023-06-30,78717,13.0,3.0,3244.0,15.0,2.5,16.0
2023-07-31,78717,14.0,3.0,2853.0,17.0,2.5,18.0
2023-08-31,78717,15.0,3.0,2784.0,18.0,2.5,19.0
2023-09-30,78717,13.0,3.0,2766.0,16.0,2.5,17.0
2023-10-31,78717,15.0,3.0,2659.0,19.0,2.5,20.0
2023-11-30,78717,14.0,3.0,2615.0,18.0,2.5,19.0
2023-12-31,78717,15.0,3.0,2695.0,19.0,2.5,20.0
2024-01-31,78717,21.0,3.0,3156.0,22.0,2.5,24.0
2024-02-29,78717,21.0,3.0,3232.0,21.0,2.5,24.0
2024-03-31,78717,22.0,3.0,2923.0,23.0,2.5,27.0
2021-01-31,78721,21.0,4.0,2177.0,27.0,2.5,29.0
2021-02-28,78721,21.0,4.0,2104.0,28.0,2.5,29.0
2021-03-31,78721,19.0,4.0,1814.0,27.0,6.0,28.0
2021-04-30,78721,21.0,4.0,1943.0,29.0,5.0,30.0
2021-05-31,78721,24.0,4.0,1754.0,35.0,6.0,35.0
2021-06-30,78721,25.0,4.0,1726.0,37.0,6.0,37.0
2021-07-31,78721,24.24390243902439,4.0,1712.3902439024391,36.24390243902439,6.0,35.99186991869919
2021-08-31,78721,23.48780487804878,4.0,1698.780487804878,35.48780487804878,6.0,34.983739837398375
2021-09-30,78721,22.75609756097561,4.0,1685.6097560975609,34.75609756097561,6.0,34.00813008130081
2021-10-31,78721,22.0,4.0,1672.0,34.0,6.0,33.0
2021-11-30,78721,22.0,4.0,1848.0,30.0,2.5,29.0
2021-12-31,78721,21.0,4.0,1834.0,30.0,2.5,29.0
2022-01-31,78721,21.0,4.0,1904.0,30.0,2.5,29.0
2022-02-28,78721,21.0,4.0,1873.0,31.0,2.5,30.0
2022-03-31,78721,19.0,4.0,1833.0,32.0,2.5,31.0
2022-04-30,78721,21.0,4.0,1765.0,36.0,2.5,35.0
2022-05-31,78721,21.0,4.0,1785.0,37.0,2.5,36.0
2022-06-30,78721,20.0,4.0,1585.0,38.0,2.5,36.0
2022-07-31,78721,20.0,4.0,1633.0,38.0,6.0,37.0
2022-08-31,78721,23.0,4.0,1860.0,38.0,6.0,37.0
2022-09-30,78721,26.0,4.0,1909.0,43.0,8.0,42.0
2022-10-31,78721,25.495934959349594,4.0,1822.8048780487804,44.00813008130081,9.764227642276422,43.00813008130081
2022-11-30,78721,25.008130081300813,4.0,1739.3902439024391,44.983739837398375,11.471544715447155,43.983739837398375
2022-12-31,78721,24.504065040650406,4.0,1653.1951219512196,45.99186991869919,13.235772357723578,44.99186991869919
2023-01-31,78721,24.0,4.0,1567.0,47.0,15.0,46.0
2023-02-28,78721,28.0,4.0,1570.0,52.0,17.0,51.0
2023-03-31,78721,27.0,4.0,1583.0,51.0,15.0,50.0
2023-04-30,78721,31.0,4.0,1611.0,54.0,16.0,54.0
2023-05-31,78721,31.0,4.0,1707.0,53.0,16.0,53.0
2023-06-30,78721,31.0,4.0,1603.0,54.0,16.0,53.0
2023-07-31,78721,29.0,4.0,1756.0,48.0,15.0,47.0
2023-08-31,78721,29.0,4.0,1863.0,48.0,14.0,47.0
2023-09-30,78721,24.0,4.0,1904.0,41.0,12.0,40.0
2023-10-31,78721,26.0,4.0,1808.0,44.0,13.0,43.0
2023-11-30,78721,26.0,4.0,1895.0,42.0,11.0,41.0
2023-12-31,78721,27.0,4.0,2116.0,41.0,9.0,39.0
2024-01-31,78721,31.0,4.0,2442.0,41.0,6.0,39.0
2024-02-29,78721,31.0,4.0,2387.0,40.0,5.0,38.0
2024-03-31,78721,31.0,4.0,2220.0,42.0,6.0,40.0
2021-01-31,78722,2.5,4.0,3934.0,2.5,2.5,2.5
2021-02-28,78722,2.5,4.0,3934.0,2.5,2.5,2.5
2021-03-31,78722,2.5,4.0,3951.0,2.5,2.5,2.5
2021-04-30,78722,6.0,4.0,3312.0,5.0,2.5,6.0
2021-05-31,78722,6.0,4.0,3421.0,5.0,2.5,6.0
2021-06-30,78722,6.0,4.0,2932.0,6.0,2.5,7.0
2021-07-31,78722,6.0,3.747967479674797,2861.430894308943,6.252032520325203,2.5,7.0
2021-08-31,78722,6.0,3.4959349593495936,2790.8617886178863,6.504065040650406,2.5,7.0
2021-09-30,78722,6.0,3.252032520325203,2722.569105691057,6.747967479674797,2.5,7.0
2021-10-31,78722,6.0,3.0,2652.0,7.0,2.5,7.0
2021-11-30,78722,6.0,3.0,2678.0,7.0,2.5,7.0
2021-12-31,78722,5.0,3.0,2443.0,6.0,2.5,6.0
2022-01-31,78722,7.0,3.0,2319.0,9.0,2.5,9.0
2022-02-28,78722,7.0,3.0,2319.0,9.0,2.5,9.0
2022-03-31,78722,7.0,3.0,2156.0,10.0,2.5,10.0
2022-04-30,78722,7.0,3.0,2107.0,9.0,2.5,9.0
2022-05-31,78722,6.0,2.0,2020.0,8.0,2.5,8.0
2022-06-30,78722,6.0,2.0,2020.0,8.0,2.5,8.0
2022-07-31,78722,6.0,2.0,1810.0,8.0,2.5,8.0
2022-08-31,78722,6.0,2.0,1842.0,8.0,2.5,8.0
2022-09-30,78722,7.0,3.0,1984.0,9.0,2.5,9.0
2022-10-31,78722,6.747967479674797,3.0,2032.8943089430895,8.495934959349594,2.5,8.495934959349594
2022-11-30,78722,6.504065040650406,3.0,2080.211382113821,8.008130081300813,2.5,8.008130081300813
2022-12-31,78722,6.252032520325203,3.0,2129.1056910569105,7.504065040650406,2.5,7.504065040650406
2023-01-31,78722,6.0,3.0,2178.0,7.0,2.5,7.0
2023-02-28,78722,5.0,3.0,2145.0,6.0,2.5,6.0
2023-03-31,78722,5.0,3.0,2145.0,6.0,2.5,6.0
2023-04-30,78722,6.0,3.0,1892.0,8.0,2.5,7.0
2023-05-31,78722,7.0,3.0,1843.0,9.0,2.5,8.0
2023-06-30,78722,7.0,3.0,1578.0,9.0,2.5,8.0
2023-07-31,78722,5.0,4.0,1198.0,6.0,2.5,5.0
2023-08-31,78722,2.5,4.0,1923.0,5.0,2.5,2.5
2023-09-30,78722,2.5,5.0,4807.0,2.5,2.5,2.5
2023-10-31,78722,2.5,5.0,4807.0,2.5,2.5,2.5
2023-11-30,78722,2.5,5.0,4807.0,2.5,2.5,2.5
2023-12-31,78722,2.5,5.0,4807.0,2.5,2.5,2.5
2024-01-31,78722,2.5,5.0,4807.0,2.5,2.5,2.5
2024-02-29,78722,2.5,5.0,4807.0,2.5,2.5,2.5
2024-03-31,78722,2.5,4.0,3204.0,2.5,2.5,2.5
2021-01-31,78723,52.0,3.0,2268.0,59.0,2.5,58.0
2021-02-28,78723,50.0,3.0,2239.0,58.0,2.5,55.0
2021-03-31,78723,51.0,3.0,2196.0,60.0,2.5,58.0
2021-04-30,78723,50.0,3.0,2253.0,57.0,2.5,56.0
2021-05-31,78723,49.0,3.0,2199.0,58.0,2.5,56.0
2021-06-30,78723,54.0,3.0,2219.0,65.0,2.5,62.0
2021-07-31,78723,54.2520325203252,3.0,2221.7723577235774,64.7479674796748,3.130081300813008,61.7479674796748
2021-08-31,78723,54.50406504065041,3.0,2224.5447154471544,64.4959349593496,3.7601626016260163,61.49593495934959
2021-09-30,78723,54.7479674796748,3.0,2227.2276422764226,64.2520325203252,4.369918699186992,61.2520325203252
2021-10-31,78723,55.0,3.0,2230.0,64.0,5.0,61.0
2021-11-30,78723,54.0,3.0,2242.0,62.0,6.0,62.0
2021-12-31,78723,53.0,3.0,2309.0,59.0,5.0,59.0
2022-01-31,78723,50.0,3.0,2239.0,59.0,6.0,58.0
2022-02-28,78723,47.0,3.0,2156.0,57.0,5.0,56.0
2022-03-31,78723,46.0,3.0,2034.0,59.0,5.0,58.0
2022-04-30,78723,48.0,3.0,2138.0,59.0,6.0,57.0
2022-05-31,78723,52.0,3.0,2118.0,62.0,6.0,60.0
2022-06-30,78723,52.0,3.0,2026.0,65.0,5.0,60.0
2022-07-31,78723,53.0,3.0,2177.0,63.0,2.5,58.0
2022-08-31,78723,54.0,3.0,2215.0,64.0,2.5,59.0
2022-09-30,78723,51.0,3.0,2166.0,64.0,5.0,59.0
2022-10-31,78723,55.28455284552845,3.0,2176.3333333333335,68.53658536585365,5.7560975609756095,63.28455284552845
2022-11-30,78723,59.43089430894309,3.0,2186.3333333333335,72.92682926829268,6.487804878048781,67.4308943089431
2022-12-31,78723,63.71544715447155,3.0,2196.6666666666665,77.46341463414635,7.2439024390243905,71.71544715447155
2023-01-31,78723,68.0,3.0,2207.0,82.0,8.0,76.0
2023-02-28,78723,71.0,3.0,2234.0,87.0,8.0,81.0
2023-03-31,78723,76.0,3.0,2167.0,95.0,10.0,89.0
2023-04-30,78723,70.0,3.0,2404.0,86.0,10.0,81.0
2023-05-31,78723,70.0,3.0,2480.0,86.0,11.0,82.0
2023-06-30,78723,76.0,3.0,2521.0,93.0,11.0,91.0
2023-07-31,78723,78.0,3.0,2609.0,91.0,10.0,90.0
2023-08-31,78723,78.0,3.0,2624.0,91.0,10.0,90.0
2023-09-30,78723,75.0,3.0,2594.0,88.0,10.0,85.0
2023-10-31,78723,71.0,3.0,2511.0,85.0,11.0,80.0
2023-11-30,78723,71.0,3.0,2517.0,85.0,11.0,80.0
2023-12-31,78723,73.0,3.0,2636.0,84.0,10.0,79.0
2024-01-31,78723,69.0,3.0,2754.0,78.0,9.0,71.0
2024-02-29,78723,66.0,3.0,2771.0,74.0,9.0,68.0
2024-03-31,78723,65.0,3.0,2772.0,73.0,9.0,67.0
2021-01-31,78724,70.0,3.0,2521.0,83.0,2.5,79.0
2021-02-28,78724,70.0,3.0,2635.0,81.0,2.5,77.0
2021-03-31,78724,78.0,3.0,2685.0,89.0,2.5,86.0
2021-04-30,78724,80.0,3.0,2625.0,93.0,2.5,89.0
2021-05-31,78724,84.0,3.0,2597.0,99.0,2.5,95.0
2021-06-30,78724,84.0,3.0,2543.0,100.0,2.5,96.0
2021-07-31,78724,80.97560975609755,3.0,2500.910569105691,97.73170731707317,2.5,93.22764227642277
2021-08-31,78724,77.95121951219512,3.0,2458.8211382113823,95.46341463414635,2.5,90.45528455284553
2021-09-30,78724,75.02439024390245,3.0,2418.089430894309,93.26829268292683,2.5,87.77235772357723
2021-10-31,78724,72.0,3.0,2376.0,91.0,2.5,85.0
2021-11-30,78724,72.0,3.0,2360.0,93.0,2.5,87.0
2021-12-31,78724,71.0,3.0,2377.0,93.0,2.5,87.0
2022-01-31,78724,76.0,3.0,2293.0,100.0,2.5,94.0
2022-02-28,78724,74.0,3.0,2237.0,103.0,5.0,96.0
2022-03-31,78724,72.0,3.0,2160.0,106.0,5.0,99.0
2022-04-30,78724,78.0,3.0,2291.0,109.0,6.0,102.0
2022-05-31,78724,81.0,3.0,2360.0,114.0,8.0,108.0
2022-06-30,78724,82.0,3.0,2372.0,114.0,8.0,108.0
2022-07-31,78724,86.0,3.0,2369.0,118.0,7.0,112.0
2022-08-31,78724,90.0,3.0,2382.0,121.0,8.0,117.0
2022-09-30,78724,78.0,3.0,2229.0,109.0,10.0,106.0
2022-10-31,78724,81.27642276422765,3.252032520325203,2231.7723577235774,112.02439024390245,10.75609756097561,108.52032520325203
2022-11-30,78724,84.44715447154472,3.4959349593495936,2234.4552845528456,114.95121951219512,11.487804878048781,110.95934959349593
2022-12-31,78724,87.72357723577235,3.747967479674797,2237.2276422764226,117.97560975609755,12.24390243902439,113.47967479674797
2023-01-31,78724,91.0,4.0,2240.0,121.0,13.0,116.0
2023-02-28,78724,93.0,4.0,2285.0,120.0,13.0,114.0
2023-03-31,78724,95.0,3.0,2349.0,120.0,13.0,112.0
2023-04-30,78724,99.0,3.0,2414.0,119.0,14.0,112.0
2023-05-31,78724,100.0,3.0,2454.0,122.0,13.0,115.0
2023-06-30,78724,100.0,3.0,2428.0,123.0,14.0,117.0
2023-07-31,78724,100.0,3.0,2467.0,123.0,13.0,116.0
2023-08-31,78724,100.0,3.0,2487.0,126.0,14.0,119.0
2023-09-30,78724,92.0,3.0,2457.0,118.0,12.0,112.0
2023-10-31,78724,100.0,3.0,2449.0,121.0,14.0,114.0
2023-11-30,78724,98.0,3.0,2524.0,119.0,14.0,112.0
2023-12-31,78724,94.0,3.0,2491.0,117.0,13.0,110.0
2024-01-31,78724,93.0,3.0,2409.0,115.0,14.0,108.0
2024-02-29,78724,88.0,3.0,2404.0,113.0,15.0,106.0
2024-03-31,78724,90.0,3.0,2413.0,115.0,15.0,108.0
2021-01-31,78725,20.0,4.0,2582.0,22.0,2.5,24.0
2021-02-28,78725,22.0,4.0,2723.0,24.0,2.5,26.0
2021-03-31,78725,23.0,4.0,2730.0,24.0,2.5,27.0
2021-04-30,78725,25.0,4.0,2788.0,26.0,2.5,29.0
2021-05-31,78725,26.0,4.0,2828.0,27.0,2.5,30.0
2021-06-30,78725,28.0,4.0,2951.0,29.0,2.5,32.0
2021-07-31,78725,27.747967479674795,4.0,2887.487804878049,29.0,2.5,31.747967479674795
2021-08-31,78725,27.495934959349594,4.0,2823.9756097560976,29.0,2.5,31.495934959349594
2021-09-30,78725,27.2520325203252,4.0,2762.512195121951,29.0,2.5,31.2520325203252
2021-10-31,78725,27.0,4.0,2699.0,29.0,2.5,31.0
2021-11-30,78725,25.0,4.0,2510.0,29.0,2.5,30.0
2021-12-31,78725,25.0,4.0,2723.0,29.0,2.5,30.0
2022-01-31,78725,21.0,4.0,2637.0,25.0,2.5,26.0
2022-02-28,78725,20.0,4.0,2700.0,24.0,2.5,25.0
2022-03-31,78725,20.0,4.0,2500.0,26.0,2.5,27.0
2022-04-30,78725,21.0,4.0,2631.0,27.0,2.5,28.0
2022-05-31,78725,23.0,4.0,2645.0,30.0,2.5,31.0
2022-06-30,78725,22.0,4.0,2606.0,29.0,2.5,30.0
2022-07-31,78725,24.0,4.0,2612.0,30.0,2.5,30.0
2022-08-31,78725,23.0,3.0,2474.0,30.0,2.5,30.0
2022-09-30,78725,24.0,3.0,2521.0,32.0,2.5,32.0
2022-10-31,78725,24.252032520325205,3.0,2495.040650406504,32.0,2.5,32.50406504065041
2022-11-30,78725,24.495934959349594,3.0,2469.918699186992,32.0,2.5,32.99186991869919
2022-12-31,78725,24.7479674796748,3.0,2443.959349593496,32.0,2.5,33.4959349593496
2023-01-31,78725,25.0,3.0,2418.0,32.0,2.5,34.0
2023-02-28,78725,26.0,3.0,2544.0,34.0,2.5,35.0
2023-03-31,78725,29.0,3.0,2640.0,36.0,2.5,38.0
2023-04-30,78725,32.0,3.0,2842.0,37.0,2.5,40.0
2023-05-31,78725,34.0,3.0,2842.0,39.0,2.5,43.0
2023-06-30,78725,33.0,3.0,3154.0,36.0,2.5,40.0
2023-07-31,78725,32.0,3.0,3150.0,35.0,5.0,39.0
2023-08-31,78725,33.0,3.0,3138.0,36.0,5.0,40.0
2023-09-30,78725,27.0,4.0,3440.0,30.0,5.0,34.0
2023-10-31,78725,30.0,4.0,3690.0,30.0,2.5,35.0
2023-11-30,78725,30.0,4.0,3599.0,31.0,2.5,36.0
2023-12-31,78725,30.0,4.0,3558.0,31.0,2.5,36.0
2024-01-31,78725,27.0,4.0,3772.0,27.0,2.5,31.0
2024-02-29,78725,26.0,4.0,3542.0,28.0,2.5,30.0
2024-03-31,78725,25.0,4.0,3571.0,27.0,2.5,29.0
2021-01-31,78726,25.0,3.0,2729.0,23.0,2.5,27.0
2021-02-28,78726,25.0,3.0,2828.0,22.0,2.5,26.0
2021-03-31,78726,26.0,3.0,2509.0,26.0,2.5,29.0
2021-04-30,78726,27.0,3.0,2363.0,29.0,2.5,31.0
2021-05-31,78726,29.0,3.0,2497.0,30.0,2.5,32.0
2021-06-30,78726,31.0,3.0,2544.0,32.0,2.5,34.0
2021-07-31,78726,30.747967479674795,3.0,2552.8211382113823,32.0,2.5,33.7479674796748
2021-08-31,78726,30.495934959349594,3.0,2561.642276422764,32.0,2.5,33.49593495934959
2021-09-30,78726,30.2520325203252,3.0,2570.1788617886177,32.0,2.5,33.2520325203252
2021-10-31,78726,30.0,3.0,2579.0,32.0,2.5,33.0
2021-11-30,78726,29.0,3.0,2483.0,32.0,2.5,34.0
2021-12-31,78726,29.0,3.0,2517.0,31.0,2.5,34.0
2022-01-31,78726,29.0,3.0,2600.0,33.0,2.5,34.0
2022-02-28,78726,27.0,3.0,2573.0,31.0,2.5,32.0
2022-03-31,78726,28.0,3.0,2540.0,33.0,2.5,35.0
2022-04-30,78726,30.0,3.0,2586.0,34.0,2.5,35.0
2022-05-31,78726,31.0,3.0,2628.0,36.0,2.5,37.0
2022-06-30,78726,31.0,3.0,2628.0,36.0,2.5,37.0
2022-07-31,78726,30.0,3.0,2724.0,33.0,2.5,36.0
2022-08-31,78726,33.0,3.0,2651.0,36.0,2.5,40.0
2022-09-30,78726,34.0,3.0,2778.0,34.0,2.5,38.0
2022-10-31,78726,33.24390243902439,3.0,2800.9349593495936,32.99186991869919,2.5,36.99186991869919
2022-11-30,78726,32.51219512195122,3.0,2823.130081300813,32.016260162601625,2.5,36.016260162601625
2022-12-31,78726,31.75609756097561,3.0,2846.0650406504064,31.008130081300813,2.5,35.00813008130081
2023-01-31,78726,31.0,3.0,2869.0,30.0,2.5,34.0
2023-02-28,78726,34.0,3.0,2940.0,31.0,2.5,36.0
2023-03-31,78726,37.0,3.0,2783.0,35.0,2.5,38.0
2023-04-30,78726,39.0,3.0,2843.0,39.0,2.5,41.0
2023-05-31,78726,38.0,3.0,2887.0,38.0,2.5,40.0
2023-06-30,78726,41.0,3.0,2902.0,40.0,2.5,42.0
2023-07-31,78726,43.0,3.0,2924.0,43.0,2.5,45.0
2023-08-31,78726,41.0,3.0,2937.0,42.0,2.5,43.0
2023-09-30,78726,40.0,3.0,3085.0,41.0,2.5,42.0
2023-10-31,78726,44.0,3.0,3075.0,45.0,2.5,46.0
2023-11-30,78726,45.0,3.0,3109.0,46.0,2.5,47.0
2023-12-31,78726,41.0,3.0,3126.0,45.0,2.5,45.0
2024-01-31,78726,46.0,3.0,3036.0,47.0,2.5,48.0
2024-02-29,78726,46.0,3.0,3116.0,47.0,2.5,48.0
2024-03-31,78726,46.0,3.0,3005.0,46.0,2.5,48.0
2021-01-31,78727,24.0,4.0,2768.0,27.0,2.5,27.0
2021-02-28,78727,26.0,4.0,2773.0,29.0,2.5,30.0
2021-03-31,78727,26.0,4.0,2827.0,28.0,2.5,29.0
2021-04-30,78727,26.0,4.0,2844.0,29.0,2.5,30.0
2021-05-31,78727,26.0,4.0,2846.0,29.0,2.5,30.0
2021-06-30,78727,26.0,4.0,2820.0,31.0,2.5,33.0
2021-07-31,78727,26.75609756097561,3.747967479674797,2780.682926829268,31.75609756097561,2.5,33.2520325203252
2021-08-31,78727,27.51219512195122,3.4959349593495936,2741.3658536585367,32.51219512195122,2.5,33.50406504065041
2021-09-30,78727,28.24390243902439,3.252032520325203,2703.317073170732,33.24390243902439,2.5,33.7479674796748
2021-10-31,78727,29.0,3.0,2664.0,34.0,2.5,34.0
2021-11-30,78727,29.0,3.0,2616.0,35.0,2.5,35.0
2021-12-31,78727,28.0,3.0,2633.0,34.0,2.5,34.0
2022-01-31,78727,25.0,3.0,2977.0,29.0,2.5,29.0
2022-02-28,78727,26.0,3.0,2974.0,31.0,2.5,30.0
2022-03-31,78727,26.0,3.0,2837.0,33.0,2.5,32.0
2022-04-30,78727,26.0,3.0,2783.0,34.0,2.5,33.0
2022-05-31,78727,29.0,3.0,2740.0,37.0,2.5,36.0
2022-06-30,78727,30.0,3.0,2775.0,36.0,2.5,35.0
2022-07-31,78727,34.0,3.0,2774.0,38.0,2.5,39.0
2022-08-31,78727,35.0,3.0,2614.0,41.0,2.5,43.0
2022-09-30,78727,31.0,3.0,2702.0,36.0,2.5,40.0
2022-10-31,78727,31.504065040650406,3.0,2752.910569105691,37.51219512195122,3.130081300813008,40.75609756097561
2022-11-30,78727,31.991869918699187,3.0,2802.1788617886177,38.97560975609756,3.739837398373984,41.48780487804878
2022-12-31,78727,32.4959349593496,3.0,2853.089430894309,40.48780487804878,4.369918699186992,42.24390243902439
2023-01-31,78727,33.0,3.0,2904.0,42.0,5.0,43.0
2023-02-28,78727,33.0,3.0,2878.0,42.0,7.0,44.0
2023-03-31,78727,34.0,3.0,2809.0,42.0,7.0,44.0
2023-04-30,78727,35.0,3.0,2929.0,40.0,5.0,42.0
2023-05-31,78727,37.0,3.0,3029.0,42.0,5.0,43.0
2023-06-30,78727,36.0,3.0,2989.0,41.0,5.0,41.0
2023-07-31,78727,34.0,3.0,2818.0,38.0,2.5,39.0
2023-08-31,78727,38.0,3.0,2964.0,41.0,2.5,41.0
2023-09-30,78727,37.0,3.0,3040.0,41.0,2.5,40.0
2023-10-31,78727,36.0,3.0,3029.0,39.0,2.5,38.0
2023-11-30,78727,36.0,3.0,3032.0,39.0,2.5,37.0
2023-12-31,78727,36.0,3.0,2964.0,39.0,2.5,37.0
2024-01-31,78727,34.0,3.0,2904.0,38.0,2.5,38.0
2024-02-29,78727,32.0,3.0,2820.0,37.0,2.5,38.0
2024-03-31,78727,31.0,3.0,2944.0,36.0,2.5,36.0
2021-01-31,78728,78.0,3.0,2843.0,82.0,2.5,86.0
2021-02-28,78728,85.0,3.0,2920.0,89.0,2.5,92.0
2021-03-31,78728,88.0,3.0,2885.0,92.0,2.5,95.0
2021-04-30,78728,86.0,3.0,2881.0,90.0,2.5,92.0
2021-05-31,78728,88.0,3.0,2847.0,93.0,2.5,96.0
2021-06-30,78728,88.0,3.0,2802.0,97.0,6.0,100.0
2021-07-31,78728,86.99186991869918,3.0,2793.682926829268,95.99186991869918,6.252032520325203,98.73983739837398
2021-08-31,78728,85.98373983739837,3.0,2785.3658536585367,94.98373983739837,6.504065040650406,97.47967479674797
2021-09-30,78728,85.0081300813008,3.0,2777.317073170732,94.0081300813008,6.747967479674797,96.26016260162602
2021-10-31,78728,84.0,3.0,2769.0,93.0,7.0,95.0
2021-11-30,78728,83.0,3.0,2741.0,92.0,6.0,94.0
2021-12-31,78728,80.0,3.0,2887.0,88.0,6.0,90.0
2022-01-31,78728,82.0,3.0,2767.0,93.0,7.0,95.0
2022-02-28,78728,77.0,3.0,2677.0,89.0,8.0,92.0
2022-03-31,78728,75.0,3.0,2541.0,93.0,7.0,96.0
2022-04-30,78728,81.0,3.0,2587.0,96.0,8.0,99.0
2022-05-31,78728,87.0,3.0,2610.0,103.0,10.0,106.0
2022-06-30,78728,82.0,3.0,2586.0,98.0,10.0,101.0
2022-07-31,78728,88.0,3.0,2594.0,102.0,9.0,104.0
2022-08-31,78728,94.0,3.0,2545.0,110.0,12.0,112.0
2022-09-30,78728,94.0,3.0,2512.0,111.0,12.0,111.0
2022-10-31,78728,98.28455284552845,3.0,2460.3333333333335,116.54471544715447,13.008130081300813,116.54471544715447
2022-11-30,78728,102.4308943089431,3.0,2410.3333333333335,121.91056910569105,13.983739837398375,121.91056910569105
2022-12-31,78728,106.71544715447155,3.0,2358.6666666666665,127.45528455284553,14.991869918699187,127.45528455284553
2023-01-31,78728,111.0,3.0,2307.0,133.0,16.0,133.0
2023-02-28,78728,113.0,3.0,2402.0,133.0,16.0,133.0
2023-03-31,78728,112.0,3.0,2492.0,131.0,16.0,129.0
2023-04-30,78728,118.0,3.0,2691.0,134.0,14.0,133.0
2023-05-31,78728,118.0,3.0,2718.0,137.0,13.0,136.0
2023-06-30,78728,105.0,3.0,2717.0,124.0,12.0,123.0
2023-07-31,78728,116.0,3.0,2726.0,131.0,13.0,129.0
2023-08-31,78728,117.0,3.0,2849.0,129.0,11.0,127.0
2023-09-30,78728,107.0,3.0,2842.0,117.0,9.0,114.0
2023-10-31,78728,105.0,3.0,2845.0,118.0,10.0,115.0
2023-11-30,78728,104.0,3.0,2811.0,117.0,10.0,114.0
2023-12-31,78728,102.0,3.0,2791.0,114.0,9.0,111.0
2024-01-31,78728,101.0,3.0,2633.0,114.0,12.0,114.0
2024-02-29,78728,98.0,3.0,2585.0,117.0,13.0,116.0
2024-03-31,78728,98.0,3.0,2589.0,118.0,14.0,117.0
2021-01-31,78729,25.0,3.0,2393.0,29.0,2.5,29.0
2021-02-28,78729,26.0,3.0,2412.0,31.0,2.5,31.0
2021-03-31,78729,28.0,3.0,2510.0,33.0,2.5,31.0
2021-04-30,78729,28.0,3.0,2539.0,33.0,2.5,31.0
2021-05-31,78729,29.0,3.0,2542.0,34.0,2.5,32.0
2021-06-30,78729,31.0,3.0,2659.0,34.0,2.5,32.0
2021-07-31,78729,30.24390243902439,3.0,2624.471544715447,34.2520325203252,2.5,32.75609756097561
2021-08-31,78729,29.48780487804878,3.0,2589.9430894308944,34.50406504065041,2.5,33.51219512195122
2021-09-30,78729,28.75609756097561,3.0,2556.528455284553,34.7479674796748,2.5,34.24390243902439
2021-10-31,78729,28.0,3.0,2522.0,35.0,2.5,35.0
2021-11-30,78729,28.0,3.0,2496.0,36.0,2.5,36.0
2021-12-31,78729,27.0,3.0,2438.0,36.0,2.5,36.0
2022-01-31,78729,25.0,3.0,2536.0,33.0,2.5,33.0
2022-02-28,78729,28.0,3.0,2800.0,34.0,2.5,35.0
2022-03-31,78729,28.0,3.0,2606.0,37.0,2.5,38.0
2022-04-30,78729,28.0,3.0,2484.0,37.0,2.5,40.0
2022-05-31,78729,29.0,3.0,2488.0,36.0,2.5,38.0
2022-06-30,78729,29.0,3.0,2519.0,35.0,2.5,39.0
2022-07-31,78729,31.0,3.0,2721.0,35.0,2.5,39.0
2022-08-31,78729,29.0,3.0,2772.0,34.0,2.5,36.0
2022-09-30,78729,28.0,3.0,2836.0,32.0,2.5,34.0
2022-10-31,78729,29.260162601626018,3.0,2815.3333333333335,32.50406504065041,2.5,35.00813008130081
2022-11-30,78729,30.479674796747968,3.0,2795.3333333333335,32.99186991869919,2.5,35.983739837398375
2022-12-31,78729,31.739837398373986,3.0,2774.6666666666665,33.4959349593496,2.5,36.99186991869919
2023-01-31,78729,33.0,3.0,2754.0,34.0,2.5,38.0
2023-02-28,78729,32.0,3.0,2786.0,35.0,2.5,39.0
2023-03-31,78729,32.0,3.0,2917.0,34.0,2.5,36.0
2023-04-30,78729,36.0,3.0,2836.0,37.0,2.5,39.0
2023-05-31,78729,38.0,3.0,2919.0,38.0,2.5,39.0
2023-06-30,78729,34.0,3.0,2733.0,34.0,2.5,35.0
2023-07-31,78729,31.0,3.0,2379.0,36.0,2.5,35.0
2023-08-31,78729,35.0,3.0,2611.0,40.0,2.5,39.0
2023-09-30,78729,33.0,3.0,2437.0,39.0,2.5,38.0
2023-10-31,78729,34.0,3.0,2509.0,39.0,2.5,37.0
2023-11-30,78729,34.0,3.0,2449.0,40.0,2.5,39.0
2023-12-31,78729,34.0,3.0,2516.0,40.0,2.5,39.0
2024-01-31,78729,27.0,3.0,2464.0,34.0,2.5,32.0
2024-02-29,78729,25.0,3.0,2343.0,34.0,5.0,33.0
2024-03-31,78729,26.0,3.0,2296.0,36.0,5.0,35.0
2021-01-31,78731,5.0,3.0,1978.0,7.0,2.5,6.0
2021-02-28,78731,6.0,3.0,1941.0,9.0,2.5,8.0
2021-03-31,78731,7.0,3.0,2322.0,9.0,2.5,8.0
2021-04-30,78731,7.0,3.0,2090.0,10.0,2.5,9.0
2021-05-31,78731,7.0,3.0,2090.0,10.0,2.5,9.0
2021-06-30,78731,7.0,3.0,2090.0,10.0,2.5,9.0
2021-07-31,78731,7.0,3.0,2087.2276422764226,9.747967479674797,2.5,8.747967479674797
2021-08-31,78731,7.0,3.0,2084.4552845528456,9.495934959349594,2.5,8.495934959349594
2021-09-30,78731,7.0,3.0,2081.7723577235774,9.252032520325203,2.5,8.252032520325203
2021-10-31,78731,7.0,3.0,2079.0,9.0,2.5,8.0
2021-11-30,78731,5.0,3.0,1702.0,7.0,2.5,7.0
2021-12-31,78731,6.0,3.0,1697.0,8.0,2.5,8.0
2022-01-31,78731,5.0,3.0,2406.0,7.0,2.5,6.0
2022-02-28,78731,2.5,3.0,2258.0,6.0,2.5,5.0
2022-03-31,78731,2.5,3.0,2287.0,6.0,2.5,5.0
2022-04-30,78731,2.5,3.0,2287.0,6.0,2.5,5.0
2022-05-31,78731,2.5,3.0,2430.0,7.0,2.5,6.0
2022-06-30,78731,2.5,3.0,2835.0,6.0,2.5,5.0
2022-07-31,78731,2.5,3.0,2666.0,5.0,2.5,5.0
2022-08-31,78731,2.5,3.0,2475.0,5.0,2.5,5.0
2022-09-30,78731,2.5,3.0,2124.0,7.0,2.5,6.0
2022-10-31,78731,3.886178861788618,3.0,2248.756097560976,7.7560975609756095,2.5,6.7560975609756095
2022-11-30,78731,5.227642276422765,3.0,2369.487804878049,8.487804878048781,2.5,7.487804878048781
2022-12-31,78731,6.6138211382113825,3.0,2494.243902439024,9.24390243902439,2.5,8.24390243902439
2023-01-31,78731,8.0,3.0,2619.0,10.0,2.5,9.0
2023-02-28,78731,9.0,3.0,2652.0,11.0,2.5,9.0
2023-03-31,78731,14.0,3.0,3171.0,14.0,2.5,13.0
2023-04-30,78731,15.0,3.0,3220.0,15.0,2.5,14.0
2023-05-31,78731,16.0,3.0,3065.0,15.0,2.5,14.0
2023-06-30,78731,15.0,3.0,3069.0,14.0,2.5,13.0
2023-07-31,78731,15.0,3.0,3321.0,13.0,2.5,13.0
2023-08-31,78731,16.0,3.0,3391.0,14.0,2.5,14.0
2023-09-30,78731,17.0,3.0,3376.0,14.0,2.5,14.0
2023-10-31,78731,14.0,3.0,3169.0,11.0,2.5,12.0
2023-11-30,78731,14.0,3.0,3351.0,11.0,2.5,12.0
2023-12-31,78731,14.0,3.0,3519.0,11.0,2.5,12.0
2024-01-31,78731,13.0,3.0,3506.0,11.0,2.5,13.0
2024-02-29,78731,13.0,3.0,3611.0,11.0,2.5,13.0
2024-03-31,78731,13.0,3.0,3301.0,11.0,2.5,13.0
2021-01-31,78734,2.5,2.0,2226.0,2.5,2.5,2.5
2021-02-28,78734,2.5,2.0,2290.0,2.5,2.5,2.5
2021-03-31,78734,6.0,2.0,2344.0,6.0,2.5,6.0
2021-04-30,78734,7.0,2.0,2202.0,7.0,2.5,7.0
2021-05-31,78734,8.0,2.0,2359.0,8.0,2.5,8.0
2021-06-30,78734,8.0,2.0,2359.0,8.0,2.5,8.0
2021-07-31,78734,7.747967479674797,2.0,2388.487804878049,7.747967479674797,2.5,7.747967479674797
2021-08-31,78734,7.495934959349594,2.0,2417.9756097560976,7.495934959349594,2.5,7.495934959349594
2021-09-30,78734,7.252032520325203,2.0,2446.512195121951,7.252032520325203,2.5,7.252032520325203
2021-10-31,78734,7.0,2.0,2476.0,7.0,2.5,7.0
2021-11-30,78734,7.0,2.0,2476.0,7.0,2.5,7.0
2021-12-31,78734,7.0,2.0,2476.0,7.0,2.5,7.0
2022-01-31,78734,7.0,2.0,2476.0,7.0,2.5,7.0
2022-02-28,78734,6.0,2.0,2761.0,6.0,2.5,6.0
2022-03-31,78734,5.0,2.0,3058.0,5.0,2.5,5.0
2022-04-30,78734,2.5,2.0,3441.0,2.5,2.5,2.5
2022-05-31,78734,2.5,2.0,3397.0,2.5,2.5,2.5
2022-06-30,78734,2.5,2.0,3397.0,2.5,2.5,2.5
2022-07-31,78734,2.5,2.0,2718.0,5.0,2.5,2.5
2022-08-31,78734,2.5,2.0,2718.0,5.0,2.5,2.5
2022-09-30,78734,2.5,2.0,1998.0,5.0,2.5,2.5
2022-10-31,78734,2.5,2.0,1734.121951219512,5.252032520325203,2.5,3.130081300813008
2022-11-30,78734,2.5,2.0,1478.7560975609756,5.495934959349594,2.5,3.739837398373984
2022-12-31,78734,2.5,2.0,1214.878048780488,5.747967479674797,2.5,4.369918699186992
2023-01-31,78734,2.5,2.0,951.0,6.0,2.5,5.0
2023-02-28,78734,2.5,2.0,951.0,6.0,2.5,5.0
2023-03-31,78734,2.5,2.0,951.0,6.0,2.5,5.0
2023-04-30,78734,2.5,2.0,951.0,6.0,2.5,5.0
2023-05-31,78734,2.5,2.0,1117.0,6.0,2.5,5.0
2023-06-30,78734,2.5,2.0,1117.0,6.0,2.5,5.0
2023-07-31,78734,2.5,2.0,1303.0,5.0,2.5,2.5
2023-08-31,78734,2.5,3.0,1364.0,6.0,2.5,5.0
2023-09-30,78734,2.5,3.0,988.0,5.0,2.5,2.5
2023-10-31,78734,2.5,3.0,1619.0,5.0,2.5,2.5
2023-11-30,78734,2.5,3.0,1952.0,6.0,2.5,5.0
2023-12-31,78734,2.5,3.0,2343.0,5.0,2.5,2.5
2024-01-31,78734,5.0,4.0,2564.0,6.0,2.5,5.0
2024-02-29,78734,5.0,4.0,2590.0,6.0,2.5,5.0
2024-03-31,78734,5.0,4.0,2364.0,7.0,2.5,6.0
2021-01-31,78735,13.0,3.0,2140.0,15.0,2.5,15.0
2021-02-28,78735,14.0,3.0,2431.0,14.0,2.5,14.0
2021-03-31,78735,13.0,3.0,2494.0,13.0,2.5,13.0
2021-04-30,78735,13.0,3.0,2514.0,13.0,2.5,13.0
2021-05-31,78735,12.0,3.0,2508.0,12.0,2.5,12.0
2021-06-30,78735,11.0,3.0,2736.0,11.0,2.5,11.0
2021-07-31,78735,11.75609756097561,3.0,2730.7073170731705,11.75609756097561,2.5,11.75609756097561
2021-08-31,78735,12.512195121951219,3.0,2725.4146341463415,12.512195121951219,2.5,12.512195121951219
2021-09-30,78735,13.24390243902439,3.0,2720.2926829268295,13.24390243902439,2.5,13.24390243902439
2021-10-31,78735,14.0,3.0,2715.0,14.0,2.5,14.0
2021-11-30,78735,14.0,3.0,2670.0,14.0,2.5,14.0
2021-12-31,78735,14.0,3.0,2635.0,14.0,2.5,14.0
2022-01-31,78735,14.0,3.0,2617.0,14.0,2.5,14.0
2022-02-28,78735,12.0,3.0,2354.0,13.0,2.5,13.0
2022-03-31,78735,12.0,3.0,2443.0,13.0,2.5,13.0
2022-04-30,78735,12.0,3.0,2449.0,13.0,2.5,13.0
2022-05-31,78735,14.0,3.0,2381.0,14.0,2.5,15.0
2022-06-30,78735,14.0,3.0,2381.0,14.0,2.5,15.0
2022-07-31,78735,12.0,3.0,2297.0,12.0,2.5,13.0
2022-08-31,78735,13.0,3.0,2458.0,13.0,2.5,14.0
2022-09-30,78735,11.0,3.0,2452.0,10.0,2.5,11.0
2022-10-31,78735,10.747967479674797,3.0,2515.512195121951,10.0,2.5,11.252032520325203
2022-11-30,78735,10.504065040650406,3.0,2576.9756097560976,10.0,2.5,11.495934959349594
2022-12-31,78735,10.252032520325203,3.0,2640.487804878049,10.0,2.5,11.747967479674797
2023-01-31,78735,10.0,3.0,2704.0,10.0,2.5,12.0
2023-02-28,78735,10.0,3.0,2529.0,11.0,2.5,13.0
2023-03-31,78735,10.0,3.0,2632.0,11.0,2.5,13.0
2023-04-30,78735,8.0,3.0,2482.0,10.0,2.5,11.0
2023-05-31,78735,8.0,3.0,2201.0,10.0,2.5,11.0
2023-06-30,78735,8.0,3.0,2453.0,10.0,2.5,11.0
2023-07-31,78735,9.0,3.0,2445.0,11.0,2.5,12.0
2023-08-31,78735,9.0,3.0,2476.0,11.0,2.5,12.0
2023-09-30,78735,8.0,3.0,2682.0,10.0,2.5,11.0
2023-10-31,78735,8.0,3.0,2694.0,10.0,2.5,10.0
2023-11-30,78735,8.0,3.0,2844.0,9.0,2.5,10.0
2023-12-31,78735,8.0,3.0,2844.0,9.0,2.5,10.0
2024-01-31,78735,9.0,4.0,2545.0,11.0,2.5,12.0
2024-02-29,78735,8.0,4.0,2374.0,10.0,2.5,11.0
2024-03-31,78735,9.0,4.0,2578.0,10.0,2.5,11.0
2021-01-31,78736,2.5,2.0,1365.0,2.5,2.5,2.5
2021-02-28,78736,2.5,3.0,1758.0,2.5,2.5,2.5
2021-03-31,78736,2.5,2.0,1975.0,2.5,2.5,2.5
2021-04-30,78736,2.5,2.0,1975.0,2.5,2.5,2.5
2021-05-31,78736,2.5,2.0,1975.0,2.5,2.5,2.5
2021-06-30,78736,2.5,2.0,1975.0,2.5,2.5,2.5
2021-07-31,78736,2.5,2.252032520325203,2377.4959349593496,2.5,2.5,2.5
2021-08-31,78736,2.5,2.5040650406504064,2779.991869918699,2.5,2.5,2.5
2021-09-30,78736,2.5,2.747967479674797,3169.5040650406504,2.5,2.5,2.5
2021-10-31,78736,2.5,3.0,3572.0,2.5,2.5,2.5
2021-11-30,78736,2.5,3.0,3572.0,2.5,2.5,2.5
2021-12-31,78736,2.5,3.0,3572.0,2.5,2.5,2.5
2022-01-31,78736,2.5,3.0,3572.0,2.5,2.5,2.5
2022-02-28,78736,2.5,3.0,3396.0,2.5,2.5,2.5
2022-03-31,78736,2.5,3.0,3431.0,2.5,2.5,2.5
2022-04-30,78736,2.5,3.0,3431.0,2.5,2.5,2.5
2022-05-31,78736,2.5,3.0,3431.0,2.5,2.5,2.5
2022-06-30,78736,2.5,3.0,3431.0,2.5,2.5,2.5
2022-07-31,78736,2.5,4.0,2944.0,2.5,2.5,2.5
2022-08-31,78736,2.5,4.0,2944.0,2.5,2.5,2.5
2022-09-30,78736,2.5,3.0,2819.0,2.5,2.5,2.5
2022-10-31,78736,2.5,2.747967479674797,2787.4959349593496,2.5,2.5,2.5
2022-11-30,78736,2.5,2.5040650406504064,2757.008130081301,2.5,2.5,2.5
2022-12-31,78736,2.5,2.252032520325203,2725.5040650406504,2.5,2.5,2.5
2023-01-31,78736,2.5,2.0,2694.0,2.5,2.5,2.5
2023-02-28,78736,2.5,2.0,2694.0,2.5,2.5,2.5
2023-03-31,78736,2.5,2.0,2694.0,2.5,2.5,2.5
2023-04-30,78736,2.5,2.0,2694.0,2.5,2.5,2.5
2023-05-31,78736,2.5,2.0,2694.0,2.5,2.5,2.5
2023-06-30,78736,2.5,2.0,2694.0,2.5,2.5,2.5
2023-07-31,78736,2.5,3.0,2943.0,2.5,2.5,2.5
2023-08-31,78736,2.5,3.0,2943.0,2.5,2.5,2.5
2023-09-30,78736,2.5,3.0,3511.0,2.5,2.5,2.5
2023-10-31,78736,2.5,3.0,3722.0,2.5,2.5,2.5
2023-11-30,78736,2.5,3.0,3722.0,2.5,2.5,2.5
2023-12-31,78736,2.5,3.0,3722.0,2.5,2.5,2.5
2024-01-31,78736,2.5,3.0,3722.0,2.5,2.5,2.5
2024-02-29,78736,2.5,3.0,3722.0,2.5,2.5,2.5
2024-03-31,78736,2.5,3.0,3722.0,2.5,2.5,2.5
2021-01-31,78739,2.5,3.0,2669.0,2.5,2.5,2.5
2021-02-28,78739,2.5,3.0,2669.0,2.5,2.5,2.5
2021-03-31,78739,2.5,3.0,2669.0,2.5,2.5,2.5
2021-04-30,78739,2.5,3.0,2669.0,2.5,2.5,2.5
2021-05-31,78739,2.5,3.0,2669.0,2.5,2.5,2.5
2021-06-30,78739,2.5,3.0,2669.0,2.5,2.5,2.5
2021-07-31,78739,2.5,3.0,2417.471544715447,2.5,2.5,2.5
2021-08-31,78739,2.5,3.0,2165.9430894308944,2.5,2.5,2.5
2021-09-30,78739,2.5,3.0,1922.5284552845528,2.5,2.5,2.5
2021-10-31,78739,2.5,3.0,1671.0,2.5,2.5,2.5
2021-11-30,78739,2.5,3.0,1671.0,2.5,2.5,2.5
2021-12-31,78739,2.5,3.0,1647.0,2.5,2.5,2.5
2022-01-31,78739,2.5,3.0,860.0,2.5,2.5,2.5
2022-02-28,78739,2.5,3.0,860.0,2.5,2.5,2.5
2022-03-31,78739,2.5,3.0,860.0,2.5,2.5,2.5
2022-04-30,78739,2.5,3.0,1898.0,2.5,2.5,2.5
2022-05-31,78739,2.5,3.0,1898.0,2.5,2.5,2.5
2022-06-30,78739,2.5,3.0,1898.0,2.5,2.5,2.5
2022-07-31,78739,2.5,3.0,1898.0,2.5,2.5,2.5
2022-08-31,78739,2.5,3.0,1898.0,2.5,2.5,2.5
2022-09-30,78739,2.5,3.0,1898.0,2.5,2.5,2.5
2022-10-31,78739,2.5,3.0,1869.7723577235772,2.5,2.5,2.5
2022-11-30,78739,2.5,3.0,1842.4552845528456,2.5,2.5,2.5
2022-12-31,78739,2.5,3.0,1814.2276422764228,2.5,2.5,2.5
2023-01-31,78739,2.5,3.0,1786.0,2.5,2.5,2.5
2023-02-28,78739,2.5,3.0,1786.0,2.5,2.5,2.5
2023-03-31,78739,2.5,3.0,1786.0,2.5,2.5,2.5
2023-04-30,78739,2.5,3.0,1616.0,2.5,2.5,2.5
2023-05-31,78739,2.5,3.0,1616.0,2.5,2.5,2.5
2023-06-30,78739,2.5,3.0,1710.0,2.5,2.5,5.0
2023-07-31,78739,2.5,3.0,1710.0,2.5,2.5,5.0
2023-08-31,78739,2.5,3.0,1710.0,2.5,2.5,5.0
2023-09-30,78739,2.5,3.0,1425.0,5.0,2.5,6.0
2023-10-31,78739,2.5,3.0,1425.0,5.0,2.5,6.0
2023-11-30,78739,2.5,3.0,1710.0,5.0,2.5,5.0
2023-12-31,78739,2.5,3.0,996.0,5.0,2.5,5.0
2024-01-31,78739,2.5,3.0,1462.0,6.0,2.5,6.0
2024-02-29,78739,2.5,3.0,1755.0,5.0,2.5,5.0
2024-03-31,78739,2.5,3.0,1755.0,5.0,2.5,5.0
2021-01-31,78741,43.0,3.0,2240.0,51.0,6.0,52.0
2021-02-28,78741,45.0,3.0,2367.0,52.0,6.0,55.0
2021-03-31,78741,49.0,3.0,2407.0,59.0,6.0,62.0
2021-04-30,78741,49.0,3.0,2332.0,59.0,7.0,63.0
2021-05-31,78741,53.0,3.0,2371.0,63.0,7.0,67.0
2021-06-30,78741,57.0,3.0,2382.0,69.0,8.0,73.0
2021-07-31,78741,54.22764227642276,3.0,2365.3658536585367,66.22764227642277,7.495934959349594,70.22764227642277
2021-08-31,78741,51.45528455284553,3.0,2348.731707317073,63.45528455284553,6.991869918699187,67.45528455284553
2021-09-30,78741,48.77235772357724,3.0,2332.6341463414633,60.77235772357724,6.504065040650406,64.77235772357723
2021-10-31,78741,46.0,3.0,2316.0,58.0,6.0,62.0
2021-11-30,78741,46.0,3.0,2281.0,60.0,6.0,63.0
2021-12-31,78741,49.0,3.0,2174.0,65.0,6.0,66.0
2022-01-31,78741,51.0,3.0,2085.0,64.0,5.0,65.0
2022-02-28,78741,49.0,3.0,2034.0,67.0,5.0,68.0
2022-03-31,78741,52.0,3.0,2084.0,69.0,2.5,69.0
2022-04-30,78741,52.0,3.0,2038.0,72.0,2.5,71.0
2022-05-31,78741,57.0,3.0,2156.0,75.0,5.0,75.0
2022-06-30,78741,58.0,3.0,2219.0,74.0,5.0,76.0
2022-07-31,78741,62.0,3.0,2229.0,80.0,7.0,81.0
2022-08-31,78741,67.0,3.0,2209.0,85.0,8.0,86.0
2022-09-30,78741,64.0,3.0,2120.0,85.0,9.0,85.0
2022-10-31,78741,64.5040650406504,3.0,2070.60162601626,87.26829268292683,11.016260162601625,86.76422764227642
2022-11-30,78741,64.99186991869918,3.0,2022.7967479674796,89.46341463414635,12.96747967479675,88.47154471544715
2022-12-31,78741,65.4959349593496,3.0,1973.39837398374,91.73170731707317,14.983739837398375,90.23577235772358
2023-01-31,78741,66.0,3.0,1924.0,94.0,17.0,92.0
2023-02-28,78741,68.0,3.0,1898.0,95.0,17.0,94.0
2023-03-31,78741,73.0,3.0,1999.0,96.0,17.0,95.0
2023-04-30,78741,68.0,3.0,1950.0,94.0,17.0,94.0
2023-05-31,78741,72.0,3.0,2011.0,98.0,18.0,97.0
2023-06-30,78741,69.0,3.0,1943.0,96.0,18.0,94.0
2023-07-31,78741,69.0,3.0,2157.0,90.0,12.0,88.0
2023-08-31,78741,64.0,3.0,2180.0,84.0,11.0,83.0
2023-09-30,78741,62.0,3.0,2145.0,85.0,11.0,84.0
2023-10-31,78741,63.0,3.0,2219.0,81.0,8.0,81.0
2023-11-30,78741,61.0,3.0,2221.0,79.0,8.0,80.0
2023-12-31,78741,64.0,3.0,2315.0,80.0,7.0,82.0
2024-01-31,78741,65.0,3.0,2399.0,77.0,10.0,79.0
2024-02-29,78741,60.0,3.0,2415.0,72.0,9.0,74.0
2024-03-31,78741,59.0,3.0,2466.0,71.0,8.0,73.0
2021-01-31,78742,2.5,2.0,821.0,2.5,2.5,2.5
2021-02-28,78742,2.5,2.0,821.0,2.5,2.5,2.5
2021-03-31,78742,2.5,2.0,841.0,2.5,2.5,2.5
2021-04-30,78742,2.5,2.0,841.0,2.5,2.5,2.5
2021-05-31,78742,2.5,2.0,841.0,2.5,2.5,2.5
2021-06-30,78742,2.5,2.0,841.0,2.5,2.5,2.5
2021-07-31,78742,2.5,2.252032520325203,989.1951219512196,2.5,2.5,2.5
2021-08-31,78742,2.5,2.5040650406504064,1137.3902439024391,2.5,2.5,2.5
2021-09-30,78742,2.5,2.747967479674797,1280.8048780487804,2.5,2.5,2.5
2021-10-31,78742,2.5,3.0,1429.0,2.5,2.5,2.5
2021-11-30,78742,2.5,3.0,1497.0,2.5,2.5,2.5
2021-12-31,78742,2.5,3.0,1996.0,2.5,2.5,2.5
2022-01-31,78742,2.5,3.0,1996.0,2.5,2.5,2.5
2022-02-28,78742,2.5,4.0,2236.0,2.5,2.5,2.5
2022-03-31,78742,2.5,4.0,2638.0,2.5,2.5,2.5
2022-04-30,78742,2.5,4.0,2638.0,2.5,2.5,2.5
2022-05-31,78742,2.5,4.0,2638.0,2.5,2.5,2.5
2022-06-30,78742,2.5,4.0,2638.0,2.5,2.5,2.5
2022-07-31,78742,2.5,4.0,2638.0,2.5,2.5,2.5
2022-08-31,78742,2.5,3.0,3010.0,2.5,2.5,2.5
2022-09-30,78742,2.5,3.0,3609.0,2.5,2.5,2.5
2022-10-31,78742,2.5,3.0,3424.7642276422766,2.5,2.5,2.5
2022-11-30,78742,2.5,3.0,3246.471544715447,2.5,2.5,2.5
2022-12-31,78742,2.5,3.0,3062.2357723577234,2.5,2.5,2.5
2023-01-31,78742,2.5,3.0,2878.0,2.5,2.5,2.5
2023-02-28,78742,2.5,3.0,2878.0,2.5,2.5,2.5
2023-03-31,78742,2.5,3.0,2791.0,2.5,2.5,2.5
2023-04-30,78742,2.5,4.0,2310.0,2.5,2.5,2.5
2023-05-31,78742,2.5,4.0,2310.0,2.5,2.5,2.5
2023-06-30,78742,2.5,4.0,2310.0,2.5,2.5,2.5
2023-07-31,78742,2.5,4.0,2310.0,2.5,2.5,2.5
2023-08-31,78742,2.5,4.0,2310.0,2.5,2.5,2.5
2023-09-30,78742,2.5,4.0,2001.0,2.5,2.5,2.5
2023-10-31,78742,2.5,4.0,2001.0,2.5,2.5,2.5
2023-11-30,78742,2.5,4.0,1533.0,2.5,2.5,2.5
2023-12-31,78742,2.5,4.0,1533.0,2.5,2.5,2.5
2024-01-31,78742,2.5,3.0,2156.0,2.5,2.5,2.5
2024-02-29,78742,2.5,3.0,2156.0,2.5,2.5,2.5
2024-03-31,78742,2.5,4.0,1668.0,2.5,2.5,2.5
2021-01-31,78744,92.0,3.0,2331.0,104.0,7.0,100.0
2021-02-28,78744,93.0,3.0,2389.0,105.0,6.0,101.0
2021-03-31,78744,100.0,3.0,2481.0,111.0,6.0,107.0
2021-04-30,78744,101.0,3.0,2497.0,113.0,6.0,109.0
2021-05-31,78744,99.0,3.0,2491.0,112.0,7.0,108.0
2021-06-30,78744,106.0,3.0,2540.0,119.0,8.0,114.0
2021-07-31,78744,103.73170731707317,3.0,2570.7479674796746,116.73170731707317,8.0,111.73170731707317
2021-08-31,78744,101.46341463414635,3.0,2601.4959349593496,114.46341463414635,8.0,109.46341463414635
2021-09-30,78744,99.26829268292683,3.0,2631.252032520325,112.26829268292683,8.0,107.26829268292683
2021-10-31,78744,97.0,3.0,2662.0,110.0,8.0,105.0
2021-11-30,78744,94.0,3.0,2614.0,110.0,8.0,106.0
2021-12-31,78744,88.0,3.0,2541.0,108.0,7.0,104.0
2022-01-31,78744,85.0,3.0,2653.0,99.0,6.0,94.0
2022-02-28,78744,82.0,3.0,2692.0,97.0,5.0,93.0
2022-03-31,78744,83.0,3.0,2618.0,102.0,6.0,96.0
2022-04-30,78744,82.0,3.0,2538.0,101.0,5.0,96.0
2022-05-31,78744,90.0,3.0,2504.0,109.0,5.0,105.0
2022-06-30,78744,87.0,3.0,2513.0,105.0,5.0,101.0
2022-07-31,78744,92.0,3.0,2360.0,116.0,6.0,111.0
2022-08-31,78744,96.0,3.0,2302.0,123.0,7.0,115.0
2022-09-30,78744,89.0,3.0,2149.0,122.0,7.0,113.0
2022-10-31,78744,92.52845528455285,3.0,2214.528455284553,122.7560975609756,7.7560975609756095,114.26016260162602
2022-11-30,78744,95.9430894308943,3.0,2277.9430894308944,123.48780487804878,8.487804878048781,115.47967479674797
2022-12-31,78744,99.47154471544715,3.0,2343.471544715447,124.2439024390244,9.24390243902439,116.73983739837398
2023-01-31,78744,103.0,3.0,2409.0,125.0,10.0,118.0
2023-02-28,78744,112.0,3.0,2412.0,132.0,10.0,124.0
2023-03-31,78744,117.0,3.0,2397.0,137.0,12.0,128.0
2023-04-30,78744,117.0,3.0,2426.0,136.0,13.0,128.0
2023-05-31,78744,123.0,3.0,2415.0,146.0,15.0,139.0
2023-06-30,78744,124.0,3.0,2458.0,147.0,16.0,138.0
2023-07-31,78744,116.0,3.0,2355.0,143.0,15.0,132.0
2023-08-31,78744,115.0,3.0,2345.0,145.0,15.0,135.0
2023-09-30,78744,110.0,3.0,2408.0,136.0,14.0,128.0
2023-10-31,78744,106.0,3.0,2500.0,125.0,11.0,117.0
2023-11-30,78744,107.0,3.0,2553.0,123.0,10.0,115.0
2023-12-31,78744,107.0,3.0,2581.0,123.0,9.0,114.0
2024-01-31,78744,105.0,3.0,2567.0,121.0,8.0,116.0
2024-02-29,78744,104.0,3.0,2515.0,121.0,7.0,116.0
2024-03-31,78744,106.0,3.0,2576.0,121.0,7.0,116.0
2021-01-31,78745,53.0,3.0,2251.0,59.0,2.5,58.0
2021-02-28,78745,52.0,3.0,2219.0,60.0,2.5,60.0
2021-03-31,78745,57.0,3.0,2366.0,64.0,2.5,64.0
2021-04-30,78745,60.0,3.0,2324.0,66.0,2.5,67.0
2021-05-31,78745,63.0,3.0,2331.0,69.0,2.5,70.0
2021-06-30,78745,69.0,3.0,2342.0,76.0,2.5,75.0
2021-07-31,78745,67.23577235772358,3.0,2325.3658536585367,74.23577235772358,2.5,73.23577235772358
2021-08-31,78745,65.47154471544715,3.0,2308.731707317073,72.47154471544715,2.5,71.47154471544715
2021-09-30,78745,63.764227642276424,3.0,2292.6341463414633,70.76422764227642,2.5,69.76422764227642
2021-10-31,78745,62.0,3.0,2276.0,69.0,2.5,68.0
2021-11-30,78745,61.0,3.0,2204.0,69.0,2.5,67.0
2021-12-31,78745,60.0,3.0,2243.0,68.0,2.5,68.0
2022-01-31,78745,60.0,3.0,2156.0,69.0,2.5,69.0
2022-02-28,78745,57.0,3.0,2007.0,69.0,2.5,71.0
2022-03-31,78745,58.0,3.0,1988.0,69.0,2.5,74.0
2022-04-30,78745,54.0,3.0,1953.0,68.0,2.5,71.0
2022-05-31,78745,57.0,3.0,1997.0,71.0,5.0,73.0
2022-06-30,78745,60.0,3.0,2059.0,73.0,5.0,73.0
2022-07-31,78745,65.0,3.0,2138.0,77.0,2.5,79.0
2022-08-31,78745,66.0,3.0,2212.0,79.0,2.5,82.0
2022-09-30,78745,64.0,3.0,2213.0,78.0,5.0,83.0
2022-10-31,78745,67.52845528455285,3.0,2262.650406504065,80.26829268292683,5.252032520325203,84.76422764227642
2022-11-30,78745,70.9430894308943,3.0,2310.6991869918697,82.46341463414635,5.495934959349594,86.47154471544715
2022-12-31,78745,74.47154471544715,3.0,2360.349593495935,84.73170731707317,5.747967479674797,88.23577235772358
2023-01-31,78745,78.0,3.0,2410.0,87.0,6.0,90.0
2023-02-28,78745,78.0,3.0,2418.0,88.0,8.0,91.0
2023-03-31,78745,83.0,3.0,2493.0,92.0,8.0,93.0
2023-04-30,78745,83.0,3.0,2474.0,93.0,8.0,93.0
2023-05-31,78745,82.0,3.0,2417.0,96.0,9.0,96.0
2023-06-30,78745,77.0,3.0,2490.0,89.0,9.0,90.0
2023-07-31,78745,83.0,3.0,2435.0,98.0,9.0,102.0
2023-08-31,78745,88.0,3.0,2438.0,103.0,9.0,106.0
2023-09-30,78745,82.0,3.0,2447.0,96.0,9.0,99.0
2023-10-31,78745,78.0,3.0,2415.0,93.0,8.0,94.0
2023-11-30,78745,79.0,3.0,2411.0,93.0,8.0,93.0
2023-12-31,78745,83.0,3.0,2430.0,96.0,8.0,97.0
2024-01-31,78745,84.0,3.0,2495.0,95.0,2.5,97.0
2024-02-29,78745,82.0,3.0,2616.0,91.0,2.5,95.0
2024-03-31,78745,81.0,3.0,2802.0,89.0,2.5,91.0
2021-01-31,78747,29.0,3.0,2719.0,35.0,2.5,37.0
2021-02-28,78747,29.0,3.0,2747.0,35.0,2.5,37.0
2021-03-31,78747,33.0,3.0,2678.0,40.0,2.5,42.0
2021-04-30,78747,34.0,3.0,2625.0,41.0,2.5,43.0
2021-05-31,78747,38.0,3.0,2735.0,43.0,2.5,45.0
2021-06-30,78747,41.0,3.0,2766.0,46.0,2.5,48.0
2021-07-31,78747,39.48780487804878,3.0,2757.1788617886177,44.48780487804878,2.5,45.983739837398375
2021-08-31,78747,37.97560975609756,3.0,2748.357723577236,42.97560975609756,2.5,43.96747967479675
2021-09-30,78747,36.51219512195122,3.0,2739.8211382113823,41.51219512195122,2.5,42.016260162601625
2021-10-31,78747,35.0,3.0,2731.0,40.0,2.5,40.0
2021-11-30,78747,34.0,3.0,2818.0,38.0,2.5,38.0
2021-12-31,78747,34.0,3.0,2786.0,39.0,2.5,38.0
2022-01-31,78747,34.0,3.0,2733.0,39.0,2.5,39.0
2022-02-28,78747,33.0,3.0,2743.0,38.0,2.5,38.0
2022-03-31,78747,33.0,3.0,2588.0,40.0,2.5,40.0
2022-04-30,78747,35.0,3.0,2764.0,41.0,2.5,40.0
2022-05-31,78747,40.0,3.0,2967.0,46.0,2.5,45.0
2022-06-30,78747,39.0,3.0,2763.0,47.0,2.5,46.0
2022-07-31,78747,38.0,3.0,2746.0,46.0,5.0,45.0
2022-08-31,78747,37.0,3.0,2726.0,46.0,5.0,44.0
2022-09-30,78747,33.0,3.0,2559.0,44.0,5.0,41.0
2022-10-31,78747,34.260162601626014,3.0,2552.951219512195,45.00813008130081,4.369918699186992,42.51219512195122
2022-11-30,78747,35.479674796747965,3.0,2547.0975609756097,45.983739837398375,3.760162601626016,43.97560975609756
2022-12-31,78747,36.739837398373986,3.0,2541.048780487805,46.99186991869919,3.130081300813008,45.48780487804878
2023-01-31,78747,38.0,3.0,2535.0,48.0,2.5,47.0
2023-02-28,78747,45.0,3.0,2689.0,54.0,2.5,53.0
2023-03-31,78747,46.0,3.0,2661.0,54.0,2.5,54.0
2023-04-30,78747,46.0,3.0,2907.0,53.0,2.5,55.0
2023-05-31,78747,48.0,3.0,3027.0,55.0,2.5,56.0
2023-06-30,78747,46.0,4.0,3087.0,52.0,2.5,55.0
2023-07-31,78747,49.0,4.0,3207.0,55.0,2.5,58.0
2023-08-31,78747,52.0,3.0,3142.0,59.0,2.5,61.0
2023-09-30,78747,51.0,3.0,3081.0,58.0,2.5,59.0
2023-10-31,78747,55.0,3.0,3236.0,61.0,2.5,63.0
2023-11-30,78747,54.0,3.0,3127.0,60.0,2.5,62.0
2023-12-31,78747,53.0,3.0,3222.0,59.0,2.5,61.0
2024-01-31,78747,54.0,3.0,3073.0,61.0,7.0,62.0
2024-02-29,78747,50.0,3.0,3230.0,56.0,6.0,57.0
2024-03-31,78747,48.0,3.0,3170.0,55.0,6.0,55.0
2021-01-31,78748,50.0,3.0,2464.0,58.0,2.5,60.0
2021-02-28,78748,52.0,3.0,2379.0,60.0,2.5,62.0
2021-03-31,78748,58.0,3.0,2509.0,65.0,2.5,68.0
2021-04-30,78748,59.0,3.0,2485.0,66.0,2.5,69.0
2021-05-31,78748,62.0,3.0,2567.0,69.0,2.5,72.0
2021-06-30,78748,69.0,3.0,2542.0,77.0,2.5,79.0
2021-07-31,78748,68.4959349593496,3.0,2521.5853658536585,77.0,2.5,78.7479674796748
2021-08-31,78748,67.99186991869918,3.0,2501.170731707317,77.0,2.5,78.4959349593496
2021-09-30,78748,67.5040650406504,3.0,2481.4146341463415,77.0,2.5,78.2520325203252
2021-10-31,78748,67.0,3.0,2461.0,77.0,2.5,78.0
2021-11-30,78748,67.0,3.0,2438.0,77.0,2.5,78.0
2021-12-31,78748,65.0,3.0,2443.0,76.0,2.5,76.0
2022-01-31,78748,60.0,3.0,2315.0,76.0,2.5,78.0
2022-02-28,78748,58.0,3.0,2349.0,74.0,2.5,77.0
2022-03-31,78748,60.0,3.0,2382.0,76.0,2.5,79.0
2022-04-30,78748,58.0,3.0,2275.0,77.0,2.5,78.0
2022-05-31,78748,62.0,3.0,2306.0,80.0,2.5,81.0
2022-06-30,78748,63.0,3.0,2366.0,78.0,2.5,78.0
2022-07-31,78748,64.0,3.0,2328.0,80.0,2.5,80.0
2022-08-31,78748,75.0,3.0,2428.0,90.0,2.5,91.0
2022-09-30,78748,73.0,3.0,2527.0,84.0,2.5,85.0
2022-10-31,78748,77.03252032520325,3.0,2553.211382113821,87.52845528455285,3.130081300813008,89.53658536585365
2022-11-30,78748,80.9349593495935,3.0,2578.5772357723577,90.9430894308943,3.739837398373984,93.92682926829268
2022-12-31,78748,84.96747967479675,3.0,2604.788617886179,94.47154471544715,4.369918699186992,98.46341463414635
2023-01-31,78748,89.0,3.0,2631.0,98.0,5.0,103.0
2023-02-28,78748,86.0,3.0,2622.0,95.0,5.0,99.0
2023-03-31,78748,94.0,3.0,2671.0,102.0,6.0,107.0
2023-04-30,78748,100.0,3.0,2650.0,104.0,6.0,114.0
2023-05-31,78748,107.0,3.0,2737.0,111.0,6.0,121.0
2023-06-30,78748,95.0,3.0,2742.0,99.0,6.0,107.0
2023-07-31,78748,94.0,3.0,2846.0,100.0,5.0,107.0
2023-08-31,78748,96.0,3.0,2860.0,103.0,5.0,108.0
2023-09-30,78748,90.0,3.0,2868.0,96.0,5.0,100.0
2023-10-31,78748,87.0,3.0,2598.0,96.0,5.0,97.0
2023-11-30,78748,88.0,3.0,2697.0,97.0,5.0,99.0
2023-12-31,78748,86.0,3.0,2763.0,95.0,5.0,98.0
2024-01-31,78748,84.0,3.0,2667.0,93.0,2.5,97.0
2024-02-29,78748,85.0,3.0,2690.0,94.0,2.5,98.0
2024-03-31,78748,84.0,3.0,2673.0,93.0,2.5,96.0
2021-01-31,78749,14.0,3.0,1818.0,17.0,2.5,18.0
2021-02-28,78749,13.0,3.0,1952.0,15.0,2.5,16.0
2021-03-31,78749,13.0,3.0,1979.0,15.0,2.5,16.0
2021-04-30,78749,13.0,3.0,2143.0,15.0,2.5,16.0
2021-05-31,78749,13.0,3.0,2144.0,15.0,2.5,16.0
2021-06-30,78749,15.0,3.0,2428.0,16.0,2.5,17.0
2021-07-31,78749,14.495934959349594,3.0,2410.1056910569105,16.252032520325205,2.5,17.0
2021-08-31,78749,13.991869918699187,3.0,2392.211382113821,16.504065040650406,2.5,17.0
2021-09-30,78749,13.504065040650406,3.0,2374.8943089430895,16.7479674796748,2.5,17.0
2021-10-31,78749,13.0,3.0,2357.0,17.0,2.5,17.0
2021-11-30,78749,12.0,3.0,2236.0,17.0,2.5,17.0
2021-12-31,78749,12.0,3.0,2236.0,17.0,2.5,17.0
2022-01-31,78749,10.0,3.0,2037.0,16.0,2.5,17.0
2022-02-28,78749,9.0,3.0,2113.0,15.0,2.5,16.0
2022-03-31,78749,10.0,3.0,2177.0,15.0,2.5,17.0
2022-04-30,78749,11.0,3.0,2321.0,15.0,2.5,16.0
2022-05-31,78749,11.0,3.0,2398.0,15.0,2.5,16.0
2022-06-30,78749,11.0,3.0,2463.0,15.0,2.5,16.0
2022-07-31,78749,11.0,3.0,2678.0,13.0,2.5,14.0
2022-08-31,78749,14.0,3.0,2576.0,16.0,2.5,16.0
2022-09-30,78749,13.0,3.0,2229.0,15.0,2.5,15.0
2022-10-31,78749,13.504065040650406,3.252032520325203,2310.4065040650407,15.252032520325203,2.5,15.504065040650406
2022-11-30,78749,13.991869918699187,3.4959349593495936,2389.1869918699185,15.495934959349594,2.5,15.991869918699187
2022-12-31,78749,14.495934959349594,3.747967479674797,2470.5934959349593,15.747967479674797,2.5,16.495934959349594
2023-01-31,78749,15.0,4.0,2552.0,16.0,2.5,17.0
2023-02-28,78749,17.0,3.0,2489.0,19.0,2.5,19.0
2023-03-31,78749,18.0,3.0,2284.0,19.0,2.5,19.0
2023-04-30,78749,17.0,4.0,2394.0,18.0,2.5,17.0
2023-05-31,78749,17.0,4.0,2394.0,18.0,2.5,17.0
2023-06-30,78749,17.0,3.0,2670.0,18.0,2.5,17.0
2023-07-31,78749,16.0,3.0,2419.0,17.0,2.5,17.0
2023-08-31,78749,18.0,3.0,2548.0,19.0,2.5,19.0
2023-09-30,78749,18.0,3.0,2442.0,18.0,2.5,18.0
2023-10-31,78749,18.0,3.0,2267.0,20.0,2.5,20.0
2023-11-30,78749,18.0,3.0,2210.0,20.0,2.5,21.0
2023-12-31,78749,17.0,3.0,2322.0,19.0,2.5,20.0
2024-01-31,78749,17.0,3.0,2334.0,19.0,5.0,19.0
2024-02-29,78749,16.0,3.0,1856.0,18.0,5.0,19.0
2024-03-31,78749,15.0,3.0,1711.0,17.0,5.0,18.0
2021-01-31,78750,17.0,3.0,2997.0,16.0,2.5,18.0
2021-02-28,78750,17.0,3.0,3011.0,16.0,2.5,18.0
2021-03-31,78750,18.0,3.0,2902.0,18.0,2.5,20.0
2021-04-30,78750,19.0,3.0,2769.0,19.0,2.5,21.0
2021-05-31,78750,17.0,3.0,2784.0,17.0,2.5,19.0
2021-06-30,78750,18.0,3.0,2767.0,18.0,2.5,20.0
2021-07-31,78750,18.504065040650406,3.0,2606.20325203252,19.764227642276424,2.5,21.51219512195122
2021-08-31,78750,19.008130081300813,3.0,2445.4065040650407,21.528455284552845,2.5,23.024390243902438
2021-09-30,78750,19.495934959349594,3.0,2289.79674796748,23.235772357723576,2.5,24.48780487804878
2021-10-31,78750,20.0,3.0,2129.0,25.0,2.5,26.0
2021-11-30,78750,20.0,3.0,2167.0,25.0,2.5,26.0
2021-12-31,78750,19.0,3.0,2097.0,24.0,2.5,26.0
2022-01-31,78750,20.0,3.0,2137.0,24.0,2.5,26.0
2022-02-28,78750,19.0,3.0,2124.0,23.0,2.5,25.0
2022-03-31,78750,20.0,3.0,1985.0,25.0,2.5,26.0
2022-04-30,78750,19.0,3.0,1881.0,24.0,2.5,25.0
2022-05-31,78750,19.0,3.0,1931.0,23.0,2.5,25.0
2022-06-30,78750,20.0,3.0,2186.0,23.0,2.5,25.0
2022-07-31,78750,20.0,3.0,2257.0,23.0,2.5,25.0
2022-08-31,78750,23.0,3.0,2356.0,25.0,2.5,28.0
2022-09-30,78750,23.0,3.0,2364.0,25.0,2.5,28.0
2022-10-31,78750,21.991869918699187,3.0,2287.130081300813,24.495934959349594,2.5,27.24390243902439
2022-11-30,78750,21.016260162601625,3.0,2212.7398373983738,24.008130081300813,2.5,26.51219512195122
2022-12-31,78750,20.008130081300813,3.0,2135.869918699187,23.504065040650406,2.5,25.75609756097561
2023-01-31,78750,19.0,3.0,2059.0,23.0,2.5,25.0
2023-02-28,78750,21.0,3.0,2104.0,25.0,2.5,26.0
2023-03-31,78750,21.0,3.0,2330.0,25.0,2.5,25.0
2023-04-30,78750,20.0,3.0,2609.0,22.0,2.5,21.0
2023-05-31,78750,20.0,3.0,2616.0,22.0,2.5,21.0
2023-06-30,78750,18.0,3.0,2626.0,20.0,2.5,20.0
2023-07-31,78750,15.0,3.0,2653.0,17.0,2.5,17.0
2023-08-31,78750,15.0,3.0,2653.0,17.0,2.5,17.0
2023-09-30,78750,14.0,3.0,2710.0,16.0,2.5,16.0
2023-10-31,78750,16.0,3.0,2929.0,17.0,2.5,16.0
2023-11-30,78750,16.0,3.0,2929.0,17.0,2.5,16.0
2023-12-31,78750,16.0,3.0,2801.0,18.0,2.5,17.0
2024-01-31,78750,17.0,3.0,2525.0,20.0,2.5,19.0
2024-02-29,78750,18.0,3.0,2480.0,22.0,2.5,20.0
2024-03-31,78750,18.0,3.0,2601.0,22.0,2.5,20.0
2021-01-31,78751,5.0,3.0,1626.0,8.0,2.5,9.0
2021-02-28,78751,5.0,3.0,1626.0,8.0,2.5,9.0
2021-03-31,78751,5.0,3.0,1829.0,7.0,2.5,8.0
2021-04-30,78751,6.0,3.0,1992.0,8.0,2.5,9.0
2021-05-31,78751,6.0,3.0,1992.0,8.0,2.5,9.0
2021-06-30,78751,7.0,3.0,2115.0,9.0,2.5,10.0
2021-07-31,78751,5.865853658536585,2.747967479674797,2018.9756097560976,8.495934959349594,2.5,9.24390243902439
2021-08-31,78751,4.7317073170731705,2.4959349593495936,1922.9512195121952,7.991869918699187,2.5,8.487804878048781
2021-09-30,78751,3.6341463414634143,2.252032520325203,1830.0243902439024,7.504065040650406,2.5,7.7560975609756095
2021-10-31,78751,2.5,2.0,1734.0,7.0,2.5,7.0
2021-11-30,78751,2.5,2.0,1454.0,6.0,2.5,6.0
2021-12-31,78751,2.5,2.0,1512.0,7.0,2.5,7.0
2022-01-31,78751,2.5,2.0,1427.0,5.0,2.5,5.0
2022-02-28,78751,2.5,2.0,1427.0,5.0,2.5,5.0
2022-03-31,78751,2.5,2.0,1427.0,5.0,2.5,5.0
2022-04-30,78751,2.5,2.0,1427.0,5.0,2.5,5.0
2022-05-31,78751,2.5,3.0,1379.0,7.0,2.5,7.0
2022-06-30,78751,6.0,3.0,1733.0,9.0,2.5,9.0
2022-07-31,78751,5.0,3.0,1763.0,8.0,2.5,8.0
2022-08-31,78751,5.0,3.0,1718.0,8.0,2.5,8.0
2022-09-30,78751,5.0,3.0,1824.0,8.0,2.5,8.0
2022-10-31,78751,6.260162601626016,3.0,1995.8861788617887,8.75609756097561,2.5,8.75609756097561
2022-11-30,78751,7.479674796747968,3.0,2162.2276422764226,9.487804878048781,2.5,9.487804878048781
2022-12-31,78751,8.739837398373984,3.0,2334.1138211382113,10.24390243902439,2.5,10.24390243902439
2023-01-31,78751,10.0,3.0,2506.0,11.0,2.5,11.0
2023-02-28,78751,9.0,3.0,2607.0,10.0,2.5,10.0
2023-03-31,78751,9.0,3.0,2607.0,10.0,2.5,10.0
2023-04-30,78751,11.0,3.0,2230.0,12.0,2.5,13.0
2023-05-31,78751,10.0,3.0,2335.0,12.0,2.5,12.0
2023-06-30,78751,9.0,3.0,2530.0,11.0,2.5,11.0
2023-07-31,78751,7.0,3.0,2656.0,9.0,2.5,9.0
2023-08-31,78751,7.0,3.0,2656.0,9.0,2.5,9.0
2023-09-30,78751,7.0,3.0,2516.0,8.0,2.5,8.0
2023-10-31,78751,7.0,3.0,2211.0,9.0,2.5,10.0
2023-11-30,78751,6.0,3.0,1792.0,9.0,2.5,10.0
2023-12-31,78751,2.5,3.0,1413.0,8.0,2.5,8.0
2024-01-31,78751,2.5,3.0,1952.0,7.0,2.5,7.0
2024-02-29,78751,2.5,3.0,1383.0,7.0,2.5,7.0
2024-03-31,78751,2.5,3.0,1383.0,7.0,2.5,7.0
2021-01-31,78752,21.0,3.0,1922.0,27.0,2.5,25.0
2021-02-28,78752,24.0,3.0,1865.0,31.0,2.5,29.0
2021-03-31,78752,24.0,3.0,1752.0,33.0,2.5,30.0
2021-04-30,78752,26.0,3.0,1931.0,33.0,2.5,31.0
2021-05-31,78752,28.0,3.0,1995.0,35.0,2.5,33.0
2021-06-30,78752,29.0,3.0,1794.0,41.0,2.5,37.0
2021-07-31,78752,28.747967479674795,3.0,1843.1463414634147,39.739837398373986,2.5,35.99186991869919
2021-08-31,78752,28.495934959349594,3.0,1892.2926829268292,38.479674796747965,2.5,34.983739837398375
2021-09-30,78752,28.2520325203252,3.0,1939.8536585365853,37.260162601626014,2.5,34.00813008130081
2021-10-31,78752,28.0,3.0,1989.0,36.0,2.5,33.0
2021-11-30,78752,28.0,3.0,1938.0,38.0,2.5,34.0
2021-12-31,78752,27.0,3.0,1986.0,39.0,2.5,34.0
2022-01-31,78752,26.0,3.0,2069.0,35.0,2.5,31.0
2022-02-28,78752,26.0,3.0,2109.0,35.0,2.5,31.0
2022-03-31,78752,26.0,3.0,2138.0,35.0,2.5,31.0
2022-04-30,78752,26.0,3.0,2160.0,35.0,2.5,31.0
2022-05-31,78752,28.0,3.0,2119.0,37.0,2.5,33.0
2022-06-30,78752,26.0,3.0,2096.0,35.0,2.5,30.0
2022-07-31,78752,24.0,3.0,2057.0,32.0,2.5,28.0
2022-08-31,78752,25.0,3.0,2065.0,33.0,2.5,29.0
2022-09-30,78752,25.0,3.0,2063.0,31.0,2.5,28.0
2022-10-31,78752,27.016260162601625,3.0,2131.8048780487807,31.75609756097561,2.5,29.764227642276424
2022-11-30,78752,28.96747967479675,3.0,2198.390243902439,32.48780487804878,2.5,31.471544715447155
2022-12-31,78752,30.983739837398375,3.0,2267.1951219512193,33.24390243902439,2.5,33.235772357723576
2023-01-31,78752,33.0,3.0,2336.0,34.0,2.5,35.0
2023-02-28,78752,30.0,3.0,2369.0,31.0,2.5,32.0
2023-03-31,78752,32.0,3.0,2457.0,31.0,2.5,34.0
2023-04-30,78752,37.0,3.0,2817.0,34.0,2.5,40.0
2023-05-31,78752,36.0,3.0,3016.0,36.0,2.5,41.0
2023-06-30,78752,36.0,3.0,2987.0,36.0,2.5,41.0
2023-07-31,78752,30.0,3.0,3134.0,29.0,2.5,33.0
2023-08-31,78752,30.0,3.0,3105.0,30.0,2.5,35.0
2023-09-30,78752,29.0,3.0,2741.0,31.0,2.5,35.0
2023-10-31,78752,24.0,3.0,2641.0,25.0,2.5,28.0
2023-11-30,78752,25.0,3.0,2686.0,25.0,2.5,28.0
2023-12-31,78752,24.0,3.0,2703.0,25.0,2.5,29.0
2024-01-31,78752,24.0,3.0,2589.0,25.0,2.5,29.0
2024-02-29,78752,23.0,3.0,2804.0,23.0,2.5,27.0
2024-03-31,78752,22.0,3.0,2662.0,24.0,2.5,28.0
2021-01-31,78753,99.0,3.0,2117.0,121.0,9.0,121.0
2021-02-28,78753,102.0,3.0,2208.0,119.0,8.0,119.0
2021-03-31,78753,106.0,3.0,2238.0,125.0,8.0,126.0
2021-04-30,78753,114.0,3.0,2272.0,132.0,8.0,133.0
2021-05-31,78753,118.0,3.0,2301.0,135.0,8.0,137.0
2021-06-30,78753,121.0,3.0,2333.0,138.0,8.0,140.0
2021-07-31,78753,117.21951219512195,3.0,2341.317073170732,134.47154471544715,7.495934959349594,136.47154471544715
2021-08-31,78753,113.4390243902439,3.0,2349.6341463414633,130.9430894308943,6.991869918699187,132.9430894308943
2021-09-30,78753,109.78048780487805,3.0,2357.682926829268,127.52845528455285,6.504065040650406,129.52845528455285
2021-10-31,78753,106.0,3.0,2366.0,124.0,6.0,126.0
2021-11-30,78753,105.0,3.0,2360.0,123.0,6.0,124.0
2021-12-31,78753,101.0,3.0,2372.0,121.0,5.0,120.0
2022-01-31,78753,91.0,3.0,2292.0,112.0,8.0,110.0
2022-02-28,78753,88.0,3.0,2286.0,110.0,8.0,107.0
2022-03-31,78753,92.0,3.0,2301.0,121.0,9.0,117.0
2022-04-30,78753,94.0,3.0,2367.0,120.0,10.0,116.0
2022-05-31,78753,101.0,3.0,2371.0,130.0,10.0,125.0
2022-06-30,78753,107.0,3.0,2390.0,132.0,11.0,129.0
2022-07-31,78753,102.0,3.0,2359.0,125.0,9.0,121.0
2022-08-31,78753,115.0,3.0,2391.0,139.0,11.0,135.0
2022-09-30,78753,111.0,3.0,2409.0,135.0,12.0,132.0
2022-10-31,78753,113.52032520325203,3.0,2416.0569105691056,138.27642276422765,15.024390243902438,136.28455284552845
2022-11-30,78753,115.95934959349593,3.0,2422.8861788617887,141.4471544715447,17.951219512195124,140.4308943089431
2022-12-31,78753,118.47967479674797,3.0,2429.9430894308944,144.72357723577235,20.975609756097562,144.71544715447155
2023-01-31,78753,121.0,3.0,2437.0,148.0,24.0,149.0
2023-02-28,78753,126.0,3.0,2410.0,154.0,24.0,156.0
2023-03-31,78753,134.0,3.0,2441.0,154.0,23.0,158.0
2023-04-30,78753,138.0,3.0,2313.0,165.0,31.0,166.0
2023-05-31,78753,136.0,3.0,2246.0,169.0,33.0,168.0
2023-06-30,78753,129.0,3.0,2326.0,161.0,33.0,161.0
2023-07-31,78753,121.0,3.0,2207.0,158.0,32.0,154.0
2023-08-31,78753,127.0,3.0,2182.0,167.0,33.0,162.0
2023-09-30,78753,121.0,3.0,2250.0,157.0,31.0,151.0
2023-10-31,78753,118.0,3.0,2227.0,153.0,29.0,149.0
2023-11-30,78753,116.0,3.0,2165.0,152.0,29.0,146.0
2023-12-31,78753,117.0,3.0,2150.0,156.0,29.0,150.0
2024-01-31,78753,124.0,3.0,2214.0,158.0,27.0,152.0
2024-02-29,78753,122.0,3.0,2164.0,157.0,27.0,150.0
2024-03-31,78753,115.0,3.0,2125.0,151.0,26.0,146.0
2021-01-31,78754,43.0,3.0,2381.0,52.0,2.5,50.0
2021-02-28,78754,41.0,3.0,2326.0,51.0,2.5,48.0
2021-03-31,78754,44.0,3.0,2347.0,55.0,2.5,53.0
2021-04-30,78754,44.0,3.0,2487.0,52.0,2.5,53.0
2021-05-31,78754,46.0,3.0,2442.0,54.0,2.5,54.0
2021-06-30,78754,44.0,3.0,2398.0,50.0,2.5,51.0
2021-07-31,78754,45.260162601626014,3.0,2406.0650406504064,51.764227642276424,2.5,52.764227642276424
2021-08-31,78754,46.520325203252035,3.0,2414.130081300813,53.52845528455285,2.5,54.52845528455285
2021-09-30,78754,47.739837398373986,3.0,2421.9349593495936,55.235772357723576,2.5,56.235772357723576
2021-10-31,78754,49.0,3.0,2430.0,57.0,2.5,58.0
2021-11-30,78754,48.0,3.0,2420.0,55.0,2.5,57.0
2021-12-31,78754,49.0,3.0,2386.0,56.0,2.5,59.0
2022-01-31,78754,46.0,4.0,2346.0,53.0,2.5,59.0
2022-02-28,78754,45.0,4.0,2351.0,53.0,2.5,59.0
2022-03-31,78754,47.0,4.0,2389.0,57.0,2.5,61.0
2022-04-30,78754,47.0,4.0,2484.0,57.0,2.5,61.0
2022-05-31,78754,49.0,4.0,2441.0,60.0,2.5,63.0
2022-06-30,78754,52.0,3.0,2418.0,64.0,2.5,66.0
2022-07-31,78754,53.0,3.0,2377.0,67.0,2.5,69.0
2022-08-31,78754,56.0,3.0,2525.0,69.0,2.5,71.0
2022-09-30,78754,52.0,4.0,2554.0,63.0,2.5,65.0
2022-10-31,78754,54.77235772357724,3.747967479674797,2544.6747967479673,66.02439024390245,3.886178861788618,67.26829268292683
2022-11-30,78754,57.45528455284553,3.5040650406504064,2535.650406504065,68.95121951219512,5.227642276422765,69.46341463414635
2022-12-31,78754,60.22764227642276,3.252032520325203,2526.3252032520327,71.97560975609755,6.6138211382113825,71.73170731707317
2023-01-31,78754,63.0,3.0,2517.0,75.0,8.0,74.0
2023-02-28,78754,63.0,3.0,2359.0,78.0,10.0,76.0
2023-03-31,78754,64.0,3.0,2427.0,75.0,9.0,75.0
2023-04-30,78754,61.0,3.0,2498.0,72.0,8.0,74.0
2023-05-31,78754,62.0,3.0,2604.0,73.0,7.0,75.0
2023-06-30,78754,60.0,3.0,2590.0,73.0,7.0,73.0
2023-07-31,78754,59.0,3.0,2608.0,72.0,8.0,73.0
2023-08-31,78754,60.0,3.0,2746.0,73.0,8.0,73.0
2023-09-30,78754,53.0,4.0,2870.0,66.0,8.0,66.0
2023-10-31,78754,58.0,4.0,2938.0,65.0,7.0,67.0
2023-11-30,78754,58.0,4.0,2814.0,66.0,7.0,67.0
2023-12-31,78754,56.0,4.0,2881.0,64.0,6.0,65.0
2024-01-31,78754,54.0,4.0,2807.0,60.0,7.0,61.0
2024-02-29,78754,56.0,4.0,2904.0,60.0,7.0,60.0
2024-03-31,78754,54.0,4.0,3001.0,59.0,7.0,59.0
2021-01-31,78757,9.0,3.0,1739.0,12.0,2.5,11.0
2021-02-28,78757,9.0,3.0,1605.0,13.0,2.5,12.0
2021-03-31,78757,11.0,3.0,1661.0,15.0,2.5,14.0
2021-04-30,78757,11.0,3.0,1663.0,15.0,2.5,14.0
2021-05-31,78757,14.0,3.0,1764.0,18.0,2.5,16.0
2021-06-30,78757,14.0,3.0,1764.0,18.0,2.5,16.0
2021-07-31,78757,14.504065040650406,3.0,1975.4552845528456,17.747967479674795,2.5,15.747967479674797
2021-08-31,78757,15.008130081300813,3.0,2186.910569105691,17.495934959349594,2.5,15.495934959349594
2021-09-30,78757,15.495934959349594,3.0,2391.5447154471544,17.2520325203252,2.5,15.252032520325203
2021-10-31,78757,16.0,3.0,2603.0,17.0,2.5,15.0
2021-11-30,78757,16.0,3.0,2459.0,18.0,2.5,16.0
2021-12-31,78757,16.0,3.0,2394.0,18.0,2.5,16.0
2022-01-31,78757,15.0,3.0,2417.0,17.0,2.5,15.0
2022-02-28,78757,16.0,3.0,2550.0,17.0,2.5,15.0
2022-03-31,78757,17.0,3.0,2158.0,20.0,2.5,19.0
2022-04-30,78757,16.0,3.0,2251.0,19.0,2.5,18.0
2022-05-31,78757,15.0,3.0,2058.0,19.0,2.5,18.0
2022-06-30,78757,15.0,3.0,2167.0,18.0,2.5,17.0
2022-07-31,78757,16.0,3.0,2288.0,18.0,2.5,17.0
2022-08-31,78757,18.0,3.0,2149.0,22.0,2.5,21.0
2022-09-30,78757,18.0,3.0,2200.0,22.0,2.5,21.0
2022-10-31,78757,16.991869918699187,3.0,2228.2276422764226,20.48780487804878,2.5,19.48780487804878
2022-11-30,78757,16.016260162601625,3.0,2255.5447154471544,19.024390243902438,2.5,18.024390243902438
2022-12-31,78757,15.008130081300813,3.0,2283.7723577235774,17.51219512195122,2.5,16.51219512195122
2023-01-31,78757,14.0,3.0,2312.0,16.0,2.5,15.0
2023-02-28,78757,15.0,3.0,2411.0,16.0,2.5,15.0
2023-03-31,78757,16.0,3.0,2411.0,16.0,2.5,15.0
2023-04-30,78757,19.0,3.0,2795.0,18.0,2.5,16.0
2023-05-31,78757,18.0,3.0,2666.0,17.0,2.5,15.0
2023-06-30,78757,19.0,3.0,2723.0,18.0,2.5,16.0
2023-07-31,78757,17.0,3.0,2848.0,18.0,2.5,15.0
2023-08-31,78757,16.0,3.0,2903.0,17.0,2.5,14.0
2023-09-30,78757,14.0,3.0,2662.0,15.0,2.5,13.0
2023-10-31,78757,13.0,3.0,2922.0,13.0,2.5,13.0
2023-11-30,78757,13.0,3.0,2922.0,13.0,2.5,13.0
2023-12-31,78757,12.0,3.0,2859.0,12.0,2.5,12.0
2024-01-31,78757,12.0,3.0,3352.0,11.0,2.5,12.0
2024-02-29,78757,12.0,3.0,3425.0,11.0,2.5,12.0
2024-03-31,78757,12.0,3.0,3425.0,11.0,2.5,12.0
2021-01-31,78758,49.0,3.0,2009.0,62.0,2.5,64.0
2021-02-28,78758,55.0,3.0,2030.0,69.0,2.5,69.0
2021-03-31,78758,61.0,3.0,1950.0,78.0,2.5,77.0
2021-04-30,78758,60.0,3.0,1930.0,80.0,5.0,80.0
2021-05-31,78758,60.0,3.0,1914.0,80.0,5.0,79.0
2021-06-30,78758,62.0,3.0,1934.0,84.0,5.0,82.0
2021-07-31,78758,60.48780487804878,3.0,1939.040650406504,81.22764227642277,4.369918699186992,79.98373983739837
2021-08-31,78758,58.97560975609756,3.0,1944.081300813008,78.45528455284553,3.7398373983739837,77.96747967479675
2021-09-30,78758,57.51219512195122,3.0,1948.959349593496,75.77235772357723,3.130081300813008,76.01626016260163
2021-10-31,78758,56.0,3.0,1954.0,73.0,2.5,74.0
2021-11-30,78758,55.0,3.0,1961.0,72.0,2.5,73.0
2021-12-31,78758,55.0,3.0,2030.0,72.0,2.5,73.0
2022-01-31,78758,56.0,3.0,1912.0,75.0,5.0,74.0
2022-02-28,78758,55.0,3.0,1901.0,75.0,5.0,73.0
2022-03-31,78758,57.0,3.0,1946.0,77.0,6.0,75.0
2022-04-30,78758,59.0,3.0,2106.0,74.0,6.0,72.0
2022-05-31,78758,62.0,3.0,2121.0,77.0,6.0,74.0
2022-06-30,78758,66.0,3.0,2177.0,78.0,6.0,76.0
2022-07-31,78758,61.0,3.0,2180.0,72.0,6.0,69.0
2022-08-31,78758,61.0,3.0,2217.0,74.0,6.0,70.0
2022-09-30,78758,60.0,3.0,2236.0,73.0,5.0,69.0
2022-10-31,78758,61.260162601626014,3.0,2196.682926829268,75.52032520325203,7.016260162601626,70.76422764227642
2022-11-30,78758,62.479674796747965,3.0,2158.6341463414633,77.95934959349593,8.96747967479675,72.47154471544715
2022-12-31,78758,63.739837398373986,3.0,2119.317073170732,80.47967479674797,10.983739837398375,74.23577235772358
2023-01-31,78758,65.0,3.0,2080.0,83.0,13.0,76.0
2023-02-28,78758,68.0,3.0,2033.0,87.0,13.0,77.0
2023-03-31,78758,72.0,3.0,2182.0,94.0,13.0,83.0
2023-04-30,78758,66.0,3.0,2113.0,86.0,13.0,74.0
2023-05-31,78758,68.0,3.0,2097.0,89.0,13.0,75.0
2023-06-30,78758,61.0,3.0,2057.0,83.0,15.0,72.0
2023-07-31,78758,63.0,3.0,2239.0,80.0,12.0,70.0
2023-08-31,78758,68.0,3.0,2244.0,86.0,13.0,74.0
2023-09-30,78758,62.0,3.0,2117.0,81.0,13.0,69.0
2023-10-31,78758,63.0,3.0,2211.0,72.0,8.0,63.0
2023-11-30,78758,62.0,3.0,2315.0,70.0,8.0,61.0
2023-12-31,78758,62.0,3.0,2340.0,71.0,8.0,62.0
2024-01-31,78758,51.0,3.0,2453.0,61.0,9.0,52.0
2024-02-29,78758,50.0,3.0,2476.0,59.0,9.0,51.0
2024-03-31,78758,51.0,3.0,2658.0,59.0,8.0,52.0
2021-01-31,78759,25.0,3.0,2572.0,27.0,2.5,28.0
2021-02-28,78759,24.0,3.0,2558.0,27.0,2.5,27.0
2021-03-31,78759,26.0,3.0,2587.0,29.0,2.5,29.0
2021-04-30,78759,25.0,3.0,2447.0,29.0,2.5,29.0
2021-05-31,78759,27.0,3.0,2453.0,31.0,2.5,31.0
2021-06-30,78759,30.0,3.0,2475.0,34.0,2.5,34.0
2021-07-31,78759,30.0,3.0,2589.9268292682927,32.739837398373986,2.5,32.99186991869919
2021-08-31,78759,30.0,3.0,2704.8536585365855,31.479674796747968,2.5,31.983739837398375
2021-09-30,78759,30.0,3.0,2816.0731707317073,30.260162601626014,2.5,31.008130081300813
2021-10-31,78759,30.0,3.0,2931.0,29.0,2.5,30.0
2021-11-30,78759,29.0,3.0,3143.0,27.0,2.5,29.0
2021-12-31,78759,29.0,3.0,3145.0,27.0,2.5,29.0
2022-01-31,78759,29.0,3.0,3021.0,27.0,2.5,29.0
2022-02-28,78759,26.0,3.0,2885.0,26.0,2.5,28.0
2022-03-31,78759,25.0,3.0,2882.0,25.0,2.5,28.0
2022-04-30,78759,24.0,3.0,2832.0,24.0,2.5,27.0
2022-05-31,78759,26.0,3.0,2916.0,26.0,2.5,29.0
2022-06-30,78759,26.0,3.0,2969.0,25.0,2.5,29.0
2022-07-31,78759,24.0,3.0,2892.0,24.0,2.5,28.0
2022-08-31,78759,25.0,3.0,2892.0,25.0,2.5,28.0
2022-09-30,78759,23.0,3.0,2806.0,24.0,2.5,27.0
2022-10-31,78759,23.75609756097561,3.0,2780.79674796748,25.260162601626018,2.5,27.504065040650406
2022-11-30,78759,24.48780487804878,3.0,2756.4065040650407,26.479674796747968,2.5,27.991869918699187
2022-12-31,78759,25.24390243902439,3.0,2731.20325203252,27.739837398373986,2.5,28.495934959349594
2023-01-31,78759,26.0,3.0,2706.0,29.0,2.5,29.0
2023-02-28,78759,25.0,3.0,2765.0,28.0,2.5,28.0
2023-03-31,78759,28.0,3.0,2917.0,30.0,2.5,29.0
2023-04-30,78759,25.0,3.0,2956.0,29.0,5.0,30.0
2023-05-31,78759,28.0,3.0,2964.0,32.0,5.0,32.0
2023-06-30,78759,27.0,3.0,3050.0,29.0,2.5,28.0
2023-07-31,78759,24.0,3.0,2955.0,26.0,2.5,26.0
2023-08-31,78759,24.0,3.0,3003.0,27.0,2.5,26.0
2023-09-30,78759,23.0,3.0,2892.0,26.0,5.0,25.0
2023-10-31,78759,23.0,3.0,2729.0,27.0,6.0,26.0
2023-11-30,78759,23.0,3.0,2623.0,28.0,6.0,26.0
2023-12-31,78759,23.0,3.0,2570.0,26.0,6.0,25.0
2024-01-31,78759,26.0,3.0,2704.0,27.0,5.0,27.0
2024-02-29,78759,24.0,3.0,2731.0,26.0,5.0,26.0
2024-03-31,78759,23.0,3.0,2614.0,25.0,5.0,25.0
